filename,chroma_stft,spectral_centroid,spectral_bandwidth,spectral_rolloff,rmse,zero_crossing_rate,name,surah,juz
1001,0.36351794,2005.183444,1976.153887,3618.661557,0.030979738,0.100248133,Maher_AlMuaiqly,Al-Tor,27
52001,0.35753074,1775.923211,1626.481367,3559.371185,0.038955882,0.115020752,Maher_AlMuaiqly,Al-Tor,27
52002,0.35286942,2272.71209,1817.949412,4120.457198,0.060902037,0.153582317,Maher_AlMuaiqly,Al-Tor,27
52003,0.2790594,1965.00484,1633.50406,3750.043616,0.056666657,0.120994996,Maher_AlMuaiqly,Al-Tor,27
52004,0.34327233,1825.795559,1551.902011,3577.311035,0.047885865,0.107202148,Maher_AlMuaiqly,Al-Tor,27
52005,0.35778096,2328.61272,1926.47369,4292.386251,0.04858068,0.154131822,Maher_AlMuaiqly,Al-Tor,27
52006,0.34532735,2028.437349,1787.484689,3912.021272,0.05032173,0.124490489,Maher_AlMuaiqly,Al-Tor,27
52007,0.33831117,1816.374232,1455.424406,3489.516223,0.0659992,0.126028142,Maher_AlMuaiqly,Al-Tor,27
52008,0.34075296,1850.368167,1608.721261,3600.994085,0.06619497,0.125791488,Maher_AlMuaiqly,Al-Tor,27
52009,0.3354059,1999.291457,1707.065513,3850.033634,0.070429504,0.133970869,Maher_AlMuaiqly,Al-Tor,27
52010,0.3545296,2248.100061,1775.605619,4099.138849,0.056755535,0.154922359,Maher_AlMuaiqly,Al-Tor,27
52011,0.2857945,2067.944717,1639.032005,3758.534737,0.06584416,0.140001917,Maher_AlMuaiqly,Al-Tor,27
52012,0.28956544,2005.343916,1668.422189,3741.183523,0.060585715,0.12826521,Maher_AlMuaiqly,Al-Tor,27
52013,0.35081783,2018.650141,1563.294049,3719.96744,0.07152632,0.14366588,Maher_AlMuaiqly,Al-Tor,27
52014,0.3046606,1879.029803,1581.901949,3583.591387,0.05858937,0.123573409,Maher_AlMuaiqly,Al-Tor,27
52015,0.3012797,1913.5912,1846.499324,3818.541916,0.08317391,0.106181189,Maher_AlMuaiqly,Al-Tor,27
52016,0.32140732,2055.914771,1721.964116,3868.055572,0.064102806,0.134819557,Maher_AlMuaiqly,Al-Tor,27
52017,0.311675,2113.93302,1619.968731,3741.04237,0.068355575,0.146825436,Maher_AlMuaiqly,Al-Tor,27
52018,0.3375459,1960.459469,1602.793559,3656.560648,0.06839807,0.129760742,Maher_AlMuaiqly,Al-Tor,27
52019,0.2990137,1958.059271,1680.889102,3708.744105,0.062827304,0.123120316,Maher_AlMuaiqly,Al-Tor,27
52020,0.3179022,2195.30124,1785.296654,4023.176193,0.06496159,0.141600291,Maher_AlMuaiqly,Al-Tor,27
52021,0.29998523,2063.846336,1658.777799,3719.53924,0.07089776,0.136241249,Maher_AlMuaiqly,Al-Tor,27
52022,0.30592054,2024.533471,1678.303162,3699.857209,0.063700356,0.12544684,Maher_AlMuaiqly,Al-Tor,27
52023,0.3285618,2159.007894,1725.850154,3925.299786,0.06663096,0.147569649,Maher_AlMuaiqly,Al-Tor,27
52024,0.2774692,1798.676793,1591.264844,3421.881587,0.06559468,0.102709434,Maher_AlMuaiqly,Al-Tor,27
52025,0.33148092,2008.792945,1599.252754,3732.352592,0.081787795,0.136077763,Maher_AlMuaiqly,Al-Tor,27
52026,0.28072953,2017.681487,1672.762124,3658.59375,0.07058604,0.129437713,Maher_AlMuaiqly,Al-Tor,27
52027,0.32233694,2098.650444,1701.489346,3858.216701,0.078733794,0.141049394,Maher_AlMuaiqly,Al-Tor,27
52028,0.28159827,1981.663384,1713.362135,3624.443784,0.08064956,0.125268909,Maher_AlMuaiqly,Al-Tor,27
52029,0.30814317,2085.591831,1665.460755,3743.614455,0.077201545,0.13821547,Maher_AlMuaiqly,Al-Tor,27
52030,0.30174392,2114.535098,1718.651032,3834.467877,0.071130715,0.132939245,Maher_AlMuaiqly,Al-Tor,27
52031,0.2948957,2135.672858,1776.666131,3893.304784,0.06644544,0.134621027,Maher_AlMuaiqly,Al-Tor,27
52032,0.30169064,1971.758716,1754.060259,3735.101873,0.071707405,0.120234502,Maher_AlMuaiqly,Al-Tor,27
52033,0.31472003,1921.977066,1716.407829,3665.084367,0.06965475,0.120907498,Maher_AlMuaiqly,Al-Tor,27
52034,0.30441222,2244.807869,1816.140283,4006.780984,0.06366397,0.151363636,Maher_AlMuaiqly,Al-Tor,27
52035,0.2902437,2030.516134,1748.386843,3719.887892,0.06484818,0.121540319,Maher_AlMuaiqly,Al-Tor,27
52036,0.31278095,2064.996745,1729.582884,3876.081603,0.07255061,0.133412729,Maher_AlMuaiqly,Al-Tor,27
52037,0.3078129,2089.613983,1787.897286,3829.419279,0.07741611,0.132299221,Maher_AlMuaiqly,Al-Tor,27
52038,0.2916424,2268.128751,1854.517738,4048.639898,0.068928905,0.143437448,Maher_AlMuaiqly,Al-Tor,27
52039,0.2834313,1841.249131,1712.729348,3521.575928,0.07700779,0.106898717,Maher_AlMuaiqly,Al-Tor,27
52040,0.2849371,1958.540872,1764.412714,3760.977389,0.061048143,0.108383059,Maher_AlMuaiqly,Al-Tor,27
52041,0.2736773,1918.938254,1832.52696,3686.386,0.0706788,0.107786227,Maher_AlMuaiqly,Al-Tor,27
52042,0.31142172,2139.533685,1754.895075,3800.213848,0.080662824,0.138821264,Maher_AlMuaiqly,Al-Tor,27
52043,0.3228124,2095.714658,1723.094336,3811.631784,0.07954856,0.134993875,Maher_AlMuaiqly,Al-Tor,27
52044,0.33454204,2260.637699,1800.9578,3992.849246,0.07578524,0.155176336,Maher_AlMuaiqly,Al-Tor,27
52045,0.28903592,1952.193919,1679.473489,3629.169587,0.06605144,0.11883348,Maher_AlMuaiqly,Al-Tor,27
52046,0.29181126,2044.721348,1720.473549,3826.950073,0.07323639,0.129783412,Maher_AlMuaiqly,Al-Tor,27
52047,0.29762506,2024.220339,1690.646198,3770.716164,0.06843784,0.13398065,Maher_AlMuaiqly,Al-Tor,27
52048,0.3415677,2160.607728,1735.612154,3867.750395,0.06253482,0.143462792,Maher_AlMuaiqly,Al-Tor,27
52049,0.2716106,1644.147544,1772.537987,3297.271729,0.073366866,0.07540741,Maher_AlMuaiqly,Al-Tor,27
53001,0.32850674,2016.800776,1645.822077,3685.371218,0.07411309,0.137153238,Maher_AlMuaiqly,Al-Najm,27
53002,0.32151943,2047.149855,1697.441763,3836.597349,0.06587984,0.142511237,Maher_AlMuaiqly,Al-Najm,27
53003,0.3450558,1908.811864,1582.192899,3654.43303,0.068372674,0.134213492,Maher_AlMuaiqly,Al-Najm,27
53004,0.32364255,1919.246161,1596.797866,3635.844221,0.059272647,0.122875135,Maher_AlMuaiqly,Al-Najm,27
53005,0.34776345,2157.783699,1721.82429,3882.419568,0.06944291,0.147687777,Maher_AlMuaiqly,Al-Najm,27
53006,0.3360172,2038.282423,1724.751401,3936.669706,0.05703306,0.132553236,Maher_AlMuaiqly,Al-Najm,27
53007,0.3523253,2004.454023,1587.316233,3701.123615,0.06334849,0.138853561,Maher_AlMuaiqly,Al-Najm,27
53008,0.37230608,2056.195435,1547.419681,3694.986278,0.06895743,0.154646249,Maher_AlMuaiqly,Al-Najm,27
53009,0.37152556,2222.408883,1736.178494,3959.549484,0.070759155,0.167582905,Maher_AlMuaiqly,Al-Najm,27
53010,0.34133935,2042.450759,1605.622029,3727.449348,0.07806501,0.146052962,Maher_AlMuaiqly,Al-Najm,27
53011,0.3238651,1950.848366,1623.595876,3717.984841,0.075762905,0.13104433,Maher_AlMuaiqly,Al-Najm,27
53012,0.3346335,1894.745583,1556.790253,3643.839903,0.065860964,0.129262563,Maher_AlMuaiqly,Al-Najm,27
53013,0.31658995,1921.560868,1682.170392,3759.277551,0.0637133,0.119351662,Maher_AlMuaiqly,Al-Najm,27
53014,0.33070678,2094.004503,1719.720485,3962.177089,0.05917723,0.140938237,Maher_AlMuaiqly,Al-Najm,27
53015,0.31704897,2004.373874,1689.195984,3765.521608,0.07100058,0.130759366,Maher_AlMuaiqly,Al-Najm,27
53016,0.3751469,2518.621871,1827.768282,4298.565674,0.06349203,0.18110567,Maher_AlMuaiqly,Al-Najm,27
53017,0.3367798,2160.734977,1826.201513,4045.953225,0.07280944,0.146242157,Maher_AlMuaiqly,Al-Najm,27
53018,0.30451742,2088.344063,1677.063882,3787.958074,0.07084137,0.140622241,Maher_AlMuaiqly,Al-Najm,27
53019,0.34489974,2187.104057,1774.666123,4017.299517,0.07269133,0.150398831,Maher_AlMuaiqly,Al-Najm,27
53020,0.37725374,2037.159231,1664.588109,3766.984226,0.061272014,0.144616168,Maher_AlMuaiqly,Al-Najm,27
53021,0.31928712,1942.172893,1729.40782,3748.059082,0.058983542,0.120689755,Maher_AlMuaiqly,Al-Najm,27
53022,0.32340938,2271.423233,1904.350777,4229.59575,0.06020607,0.155037172,Maher_AlMuaiqly,Al-Najm,27
53023,0.32299194,2090.070785,1708.541821,3849.987905,0.07031733,0.139770813,Maher_AlMuaiqly,Al-Najm,27
53024,0.30503342,2247.155206,1763.110259,3955.938274,0.08699073,0.152918374,Maher_AlMuaiqly,Al-Najm,27
53025,0.34618306,2112.267337,1616.170946,3809.223633,0.07308022,0.145612204,Maher_AlMuaiqly,Al-Najm,27
53026,0.31891823,2131.891055,1662.456943,3851.04338,0.07410051,0.143594023,Maher_AlMuaiqly,Al-Najm,27
53027,0.34328166,2270.999839,1788.077167,4016.835223,0.07318533,0.16453649,Maher_AlMuaiqly,Al-Najm,27
53028,0.31263894,2144.788498,1678.379793,3782.658264,0.06739467,0.144913016,Maher_AlMuaiqly,Al-Najm,27
53029,0.34727192,2101.427447,1607.977763,3800.773978,0.06619324,0.153065041,Maher_AlMuaiqly,Al-Najm,27
53030,0.3157772,2038.161191,1626.937153,3678.603223,0.071350016,0.140462891,Maher_AlMuaiqly,Al-Najm,27
53031,0.34106225,2353.992121,1810.147936,4148.191802,0.06784503,0.170707889,Maher_AlMuaiqly,Al-Najm,27
53032,0.31766695,2036.356442,1712.863943,3776.210146,0.062611334,0.133707152,Maher_AlMuaiqly,Al-Najm,27
53033,0.3659644,2235.653779,1662.896744,3912.695495,0.07023663,0.166019269,Maher_AlMuaiqly,Al-Najm,27
53034,0.33156344,2064.941402,1600.122219,3760.578826,0.06693579,0.149345244,Maher_AlMuaiqly,Al-Najm,27
53035,0.30399805,1985.677355,1680.221069,3735.767429,0.061854783,0.130715925,Maher_AlMuaiqly,Al-Najm,27
53036,0.3543626,2243.952182,1829.411948,4035.973269,0.05398096,0.154274164,Maher_AlMuaiqly,Al-Najm,27
53037,0.3444735,2137.780203,1739.937719,3893.268377,0.062496938,0.148263642,Maher_AlMuaiqly,Al-Najm,27
53038,0.30438936,2096.187426,1841.510875,3985.876075,0.0559193,0.13349038,Maher_AlMuaiqly,Al-Najm,27
53039,0.33250272,2279.157766,1851.521941,4147.668973,0.06793949,0.155922187,Maher_AlMuaiqly,Al-Najm,27
53040,0.3290626,2185.388902,1778.65805,4019.113368,0.06099415,0.149186644,Maher_AlMuaiqly,Al-Najm,27
53041,0.3533797,2094.207603,1722.538218,3857.059944,0.06994677,0.149048338,Maher_AlMuaiqly,Al-Najm,27
53042,0.31954533,1968.934078,1618.647932,3744.05545,0.06877842,0.133734199,Maher_AlMuaiqly,Al-Najm,27
53043,0.34527415,1943.465322,1629.89814,3707.570663,0.06362453,0.134043951,Maher_AlMuaiqly,Al-Najm,27
53044,0.31548837,2026.235922,1648.547174,3722.307795,0.0691192,0.139245764,Maher_AlMuaiqly,Al-Najm,27
53045,0.31285426,2003.406568,1682.663571,3808.174817,0.06265118,0.130589978,Maher_AlMuaiqly,Al-Najm,27
53046,0.32243878,2012.33565,1625.390404,3667.768298,0.06023921,0.136663681,Maher_AlMuaiqly,Al-Najm,27
53047,0.32773307,2037.948555,1638.294997,3814.068604,0.0663122,0.135148869,Maher_AlMuaiqly,Al-Najm,27
53048,0.33327943,1844.985451,1621.844605,3616.069429,0.06458067,0.120695661,Maher_AlMuaiqly,Al-Najm,27
53049,0.30472052,1898.343401,1617.602067,3619.642953,0.06737777,0.123254227,Maher_AlMuaiqly,Al-Najm,27
53050,0.29144838,1731.744289,1634.375384,3348.966311,0.06954614,0.103164371,Maher_AlMuaiqly,Al-Najm,27
53051,0.32833734,2089.231767,1671.310632,3822.38825,0.08409253,0.14827104,Maher_AlMuaiqly,Al-Najm,27
53052,0.30091253,1970.723365,1662.497201,3599.574469,0.071804,0.126103004,Maher_AlMuaiqly,Al-Najm,27
53053,0.37824184,1954.679784,1647.650662,3690.897792,0.065236345,0.125488281,Maher_AlMuaiqly,Al-Najm,27
53054,0.39848912,2498.969936,1730.967812,4233.286863,0.072360754,0.186559945,Maher_AlMuaiqly,Al-Najm,27
53055,0.35025477,2123.534721,1652.671568,3790.236692,0.084181994,0.150340728,Maher_AlMuaiqly,Al-Najm,27
53056,0.3037808,1902.443171,1576.690773,3549.572133,0.07581576,0.122125486,Maher_AlMuaiqly,Al-Najm,27
53057,0.41042548,2342.456045,1774.460868,4062.10264,0.07295377,0.168294271,Maher_AlMuaiqly,Al-Najm,27
53058,0.35919514,2266.55601,1759.055855,4019.240821,0.07879499,0.152518741,Maher_AlMuaiqly,Al-Najm,27
53059,0.32489467,1970.51947,1668.948463,3600.294896,0.07149332,0.127066201,Maher_AlMuaiqly,Al-Najm,27
53060,0.36982062,1944.836324,1630.933212,3780.144109,0.07354471,0.125686233,Maher_AlMuaiqly,Al-Najm,27
53061,0.33989602,2116.7188,1741.057729,3936.441797,0.06914303,0.14153125,Maher_AlMuaiqly,Al-Najm,27
53062,0.33637476,1841.355237,1673.058507,3691.170294,0.051938962,0.110201749,Maher_AlMuaiqly,Al-Najm,27
54001,0.34648284,2214.841233,1797.388365,4048.827329,0.05847807,0.147322945,Maher_AlMuaiqly,Al-Kamar,27
54002,0.3332283,2129.460252,1776.402409,3926.804937,0.060118716,0.141147347,Maher_AlMuaiqly,Al-Kamar,27
54003,0.32442266,1849.012974,1634.2364,3553.649222,0.05386041,0.12029489,Maher_AlMuaiqly,Al-Kamar,27
54004,0.3457544,2103.12685,1684.724311,3802.599087,0.0692985,0.149064179,Maher_AlMuaiqly,Al-Kamar,27
54005,0.3328946,1947.316426,1719.351818,3597.753085,0.059156574,0.123845027,Maher_AlMuaiqly,Al-Kamar,27
54006,0.3330223,2034.698111,1656.744509,3747.543347,0.06272809,0.129348212,Maher_AlMuaiqly,Al-Kamar,27
54007,0.33019504,2190.535905,1790.55313,4057.840565,0.06598744,0.144012899,Maher_AlMuaiqly,Al-Kamar,27
54008,0.3683704,2159.19114,1706.383423,3875.513935,0.063881345,0.151288986,Maher_AlMuaiqly,Al-Kamar,27
54009,0.33764523,2005.299837,1706.008167,3747.660996,0.06221691,0.131499519,Maher_AlMuaiqly,Al-Kamar,27
54010,0.29150468,1908.252257,1786.407454,3704.496821,0.065206476,0.110412152,Maher_AlMuaiqly,Al-Kamar,27
54011,0.36179027,2116.186586,1701.41705,3831.43315,0.06975497,0.147358698,Maher_AlMuaiqly,Al-Kamar,27
54012,0.3497766,1968.476327,1632.938943,3699.43803,0.07354933,0.132171232,Maher_AlMuaiqly,Al-Kamar,27
54013,0.34310114,2121.541399,1789.06762,3948.96949,0.07151193,0.139454175,Maher_AlMuaiqly,Al-Kamar,27
54014,0.3390585,2165.769809,1737.403593,3929.723092,0.07230966,0.146339263,Maher_AlMuaiqly,Al-Kamar,27
54015,0.32701412,1998.023009,1647.191953,3699.803368,0.075878315,0.133626931,Maher_AlMuaiqly,Al-Kamar,27
54016,0.34067777,2048.480042,1682.242331,3727.787432,0.07288495,0.136695682,Maher_AlMuaiqly,Al-Kamar,27
54017,0.34812492,2124.132937,1761.723483,3878.51503,0.061155785,0.136782266,Maher_AlMuaiqly,Al-Kamar,27
54018,0.33063307,2017.869606,1696.307422,3729.795477,0.066938885,0.127703303,Maher_AlMuaiqly,Al-Kamar,27
54019,0.330083,2266.057518,1856.887563,4087.086835,0.07333456,0.148458774,Maher_AlMuaiqly,Al-Kamar,27
54020,0.2991442,2070.257589,1756.736662,3803.016076,0.072903,0.124878377,Maher_AlMuaiqly,Al-Kamar,27
54021,0.34207526,2058.85528,1682.028062,3731.656602,0.07275984,0.136621812,Maher_AlMuaiqly,Al-Kamar,27
54022,0.34327978,1988.087,1668.450209,3712.48233,0.056002658,0.125225361,Maher_AlMuaiqly,Al-Kamar,27
54023,0.29767928,2040.786154,1765.444133,3721.768309,0.061473377,0.13028651,Maher_AlMuaiqly,Al-Kamar,27
54024,0.33701998,2075.155652,1693.162156,3803.747473,0.06684211,0.144077114,Maher_AlMuaiqly,Al-Kamar,27
54025,0.36352527,2120.473748,1649.554871,3814.490187,0.062789306,0.150608293,Maher_AlMuaiqly,Al-Kamar,27
54026,0.3988438,2315.896896,1688.306997,4074.364434,0.0678144,0.169975239,Maher_AlMuaiqly,Al-Kamar,27
54027,0.33919248,2146.610264,1734.223081,3896.876436,0.06039473,0.143985524,Maher_AlMuaiqly,Al-Kamar,27
54028,0.30845758,2089.458948,1678.318244,3853.627708,0.06079757,0.139464962,Maher_AlMuaiqly,Al-Kamar,27
54029,0.36156946,2049.8321,1662.729329,3786.364299,0.07253755,0.139425138,Maher_AlMuaiqly,Al-Kamar,27
54030,0.36734474,1998.603271,1668.48784,3711.272215,0.069159076,0.138459417,Maher_AlMuaiqly,Al-Kamar,27
54031,0.34803903,2175.725312,1697.51762,3925.638217,0.06985589,0.151932162,Maher_AlMuaiqly,Al-Kamar,27
54032,0.34174615,2173.981893,1753.534293,3929.48611,0.05987728,0.148318049,Maher_AlMuaiqly,Al-Kamar,27
54033,0.28230697,1877.787466,1735.52578,3629.0943,0.053716037,0.11279915,Maher_AlMuaiqly,Al-Kamar,27
54034,0.3357326,2194.525072,1719.251923,3989.923096,0.07535841,0.157016137,Maher_AlMuaiqly,Al-Kamar,27
54035,0.3466245,2282.519892,1743.131437,4025.132285,0.065212734,0.161992923,Maher_AlMuaiqly,Al-Kamar,27
54036,0.34012344,1944.574962,1656.406083,3702.990338,0.062329885,0.125144178,Maher_AlMuaiqly,Al-Kamar,27
54037,0.32698587,1995.919744,1681.867714,3777.383526,0.067553595,0.129438422,Maher_AlMuaiqly,Al-Kamar,27
54038,0.3463169,2187.9443,1817.25016,4090.744629,0.06461978,0.142471168,Maher_AlMuaiqly,Al-Kamar,27
54039,0.35526153,1892.383935,1651.071329,3712.565713,0.06407886,0.12608152,Maher_AlMuaiqly,Al-Kamar,27
54040,0.36368644,2169.026618,1781.369379,3974.874839,0.05577846,0.143363083,Maher_AlMuaiqly,Al-Kamar,27
54041,0.32698283,1993.972324,1621.312684,3708.523658,0.0730869,0.131048387,Maher_AlMuaiqly,Al-Kamar,27
54042,0.33557314,2142.754607,1767.269394,3898.998764,0.06484775,0.139949717,Maher_AlMuaiqly,Al-Kamar,27
54043,0.31127653,1908.425908,1677.986898,3676.618154,0.06602645,0.116554087,Maher_AlMuaiqly,Al-Kamar,27
54044,0.32569987,2077.307012,1745.564071,3957.916067,0.058708042,0.127957956,Maher_AlMuaiqly,Al-Kamar,27
54045,0.32105342,1949.732307,1714.742976,3789.432288,0.056176476,0.113757091,Maher_AlMuaiqly,Al-Kamar,27
54046,0.36994517,2294.994996,1789.874144,4131.196289,0.07700647,0.159154111,Maher_AlMuaiqly,Al-Kamar,27
54047,0.3224808,2125.21133,1720.03155,3884.601421,0.06561825,0.13703902,Maher_AlMuaiqly,Al-Kamar,27
54048,0.32005948,2244.002398,1859.128397,4149.18951,0.06648096,0.140428173,Maher_AlMuaiqly,Al-Kamar,27
54049,0.3101325,2027.417888,1636.840273,3727.650793,0.06285428,0.127774586,Maher_AlMuaiqly,Al-Kamar,27
54050,0.32291335,2024.440638,1690.550029,3799.204521,0.07010444,0.129327665,Maher_AlMuaiqly,Al-Kamar,27
54051,0.3463935,2099.448213,1657.399268,3788.719527,0.07046128,0.140995623,Maher_AlMuaiqly,Al-Kamar,27
54052,0.2845374,1928.384327,1789.548401,3841.387308,0.062553935,0.112425355,Maher_AlMuaiqly,Al-Kamar,27
54053,0.29552495,2116.743586,1884.110729,3945.033313,0.06675535,0.129213395,Maher_AlMuaiqly,Al-Kamar,27
54054,0.30796683,2103.942789,1712.176531,3807.006352,0.06643298,0.138376972,Maher_AlMuaiqly,Al-Kamar,27
54055,0.31939328,2085.146676,1695.851936,3804.174209,0.055559773,0.141096268,Maher_AlMuaiqly,Al-Kamar,27
55001,0.32827586,1893.968552,1601.062651,3653.904464,0.08186955,0.136012132,Maher_AlMuaiqly,Al-Rahman,27
55002,0.3463307,2029.338478,1578.406877,3791.83143,0.0704812,0.148264724,Maher_AlMuaiqly,Al-Rahman,27
55003,0.3148345,2080.219291,1799.628222,4086.368624,0.05828825,0.144795496,Maher_AlMuaiqly,Al-Rahman,27
55004,0.35596117,1980.076779,1606.200693,3735.461426,0.054394342,0.150599888,Maher_AlMuaiqly,Al-Rahman,27
55005,0.33055258,2450.99453,1900.796957,4441.394587,0.06531862,0.176602309,Maher_AlMuaiqly,Al-Rahman,27
55006,0.34695113,2272.837861,1781.356285,4068.69873,0.056378473,0.153942057,Maher_AlMuaiqly,Al-Rahman,27
55007,0.34720495,2151.691138,1705.939398,3971.050335,0.0777898,0.156710683,Maher_AlMuaiqly,Al-Rahman,27
55008,0.3384274,2102.436702,1693.738914,3928.199611,0.06307858,0.147123248,Maher_AlMuaiqly,Al-Rahman,27
55009,0.3740201,2302.170298,1824.352373,4204.92849,0.05163694,0.166512907,Maher_AlMuaiqly,Al-Rahman,27
55010,0.32537645,1920.504304,1589.094856,3671.411133,0.07138695,0.131422776,Maher_AlMuaiqly,Al-Rahman,27
55011,0.33258492,1938.719707,1632.544444,3648.092001,0.056482658,0.131900733,Maher_AlMuaiqly,Al-Rahman,27
55012,0.30788615,2009.348611,1685.624834,3807.901658,0.065373935,0.131659785,Maher_AlMuaiqly,Al-Rahman,27
55013,0.35352686,2008.606565,1627.800272,3745.171798,0.06107306,0.140684964,Maher_AlMuaiqly,Al-Rahman,27
55014,0.33745337,2119.502311,1803.785724,4034.179688,0.062687315,0.14009088,Maher_AlMuaiqly,Al-Rahman,27
55015,0.26542348,1961.306096,1638.095859,3665.478516,0.07533455,0.131359282,Maher_AlMuaiqly,Al-Rahman,27
55016,0.36057183,2110.235309,1645.471626,3811.573603,0.071722835,0.145311608,Maher_AlMuaiqly,Al-Rahman,27
55017,0.28921998,2067.639051,1683.452579,3808.139444,0.065000415,0.136916794,Maher_AlMuaiqly,Al-Rahman,27
55018,0.3681681,2126.151915,1697.209616,3817.612813,0.062544376,0.150171893,Maher_AlMuaiqly,Al-Rahman,27
55019,0.34856766,2257.813163,1730.443741,3900.807644,0.075980805,0.161119616,Maher_AlMuaiqly,Al-Rahman,27
55020,0.35203245,2072.90773,1647.174615,3798.910362,0.061267313,0.143702457,Maher_AlMuaiqly,Al-Rahman,27
55021,0.344353,2072.500775,1664.037069,3798.159027,0.073252335,0.141390119,Maher_AlMuaiqly,Al-Rahman,27
55022,0.27051172,1714.655415,1852.978655,3132.927975,0.07387928,0.077291914,Maher_AlMuaiqly,Al-Rahman,27
55023,0.33940816,2070.469642,1656.718825,3778.620076,0.07472593,0.141387364,Maher_AlMuaiqly,Al-Rahman,27
55024,0.34340498,2124.786226,1648.347589,3842.465515,0.06731853,0.144565837,Maher_AlMuaiqly,Al-Rahman,27
55025,0.35446987,2087.535921,1684.443658,3780.446585,0.06626512,0.143929465,Maher_AlMuaiqly,Al-Rahman,27
55026,0.30841276,2041.317483,1610.516785,3742.509502,0.085509636,0.13934931,Maher_AlMuaiqly,Al-Rahman,27
55027,0.32981592,2042.69085,1677.19705,3817.718299,0.062096085,0.133042158,Maher_AlMuaiqly,Al-Rahman,27
55028,0.348721,2128.945257,1705.511512,3836.289807,0.07111219,0.150493536,Maher_AlMuaiqly,Al-Rahman,27
55029,0.3321881,2282.475849,1843.787345,4200.378949,0.06413913,0.15230306,Maher_AlMuaiqly,Al-Rahman,27
55030,0.35670626,2162.254154,1721.299485,3910.063708,0.07145358,0.146957217,Maher_AlMuaiqly,Al-Rahman,27
55031,0.3329631,2133.066346,1772.779216,3940.912628,0.072685294,0.138300578,Maher_AlMuaiqly,Al-Rahman,27
55032,0.36613464,2152.306695,1699.976392,3836.651094,0.070514895,0.148224394,Maher_AlMuaiqly,Al-Rahman,27
55033,0.32520646,2099.241254,1793.878847,3968.188792,0.06014288,0.135710091,Maher_AlMuaiqly,Al-Rahman,27
55034,0.35358444,2180.12771,1725.280927,3853.891226,0.07778654,0.150708992,Maher_AlMuaiqly,Al-Rahman,27
55035,0.30817118,2065.599624,1765.544982,3907.364442,0.06861457,0.129790759,Maher_AlMuaiqly,Al-Rahman,27
55036,0.3457302,2139.935827,1679.553448,3807.759715,0.07815269,0.150519933,Maher_AlMuaiqly,Al-Rahman,27
55037,0.3508216,2190.99415,1772.498255,3979.188538,0.0709264,0.150054932,Maher_AlMuaiqly,Al-Rahman,27
55038,0.36207056,2087.777831,1663.344178,3768.351641,0.067959666,0.145319582,Maher_AlMuaiqly,Al-Rahman,27
55039,0.30214167,2158.524755,1769.97677,3949.965383,0.073361896,0.143848281,Maher_AlMuaiqly,Al-Rahman,27
55040,0.36419234,2148.125998,1708.585834,3821.735342,0.07593283,0.155585845,Maher_AlMuaiqly,Al-Rahman,27
55041,0.32582378,2267.735303,1803.6171,4025.273438,0.07242426,0.153983347,Maher_AlMuaiqly,Al-Rahman,27
55042,0.36909375,2147.614797,1681.405644,3843.722966,0.07678931,0.155300681,Maher_AlMuaiqly,Al-Rahman,27
55043,0.29421294,2059.696742,1717.900905,3784.670734,0.06634269,0.127099991,Maher_AlMuaiqly,Al-Rahman,27
55044,0.3500074,2140.639465,1702.686627,3805.004883,0.070484884,0.142814792,Maher_AlMuaiqly,Al-Rahman,27
55045,0.336877,2014.654614,1628.224843,3738.178761,0.0720373,0.133219123,Maher_AlMuaiqly,Al-Rahman,27
55046,0.28935504,2167.072536,1748.830425,3896.226699,0.074475504,0.142542706,Maher_AlMuaiqly,Al-Rahman,27
55047,0.34364647,2163.627504,1668.945537,3853.157084,0.072827935,0.155480849,Maher_AlMuaiqly,Al-Rahman,27
55048,0.3212728,2167.714347,1715.676218,3848.001049,0.08939833,0.156065894,Maher_AlMuaiqly,Al-Rahman,27
55049,0.34715718,2111.436849,1667.132102,3826.857044,0.059636068,0.147742206,Maher_AlMuaiqly,Al-Rahman,27
55050,0.3252862,2299.911576,1742.807047,3929.913095,0.07929365,0.148916391,Maher_AlMuaiqly,Al-Rahman,27
55051,0.3452882,2105.268887,1673.836042,3823.953458,0.058797613,0.145718279,Maher_AlMuaiqly,Al-Rahman,27
55052,0.28714648,2048.107079,1765.308354,3850.146375,0.07251239,0.126410104,Maher_AlMuaiqly,Al-Rahman,27
55053,0.34470287,2158.417855,1660.559924,3868.008329,0.07163953,0.155826249,Maher_AlMuaiqly,Al-Rahman,27
55054,0.3237527,2118.911127,1728.886568,3895.279541,0.06763324,0.136608305,Maher_AlMuaiqly,Al-Rahman,27
55055,0.33583316,2125.826324,1667.640379,3854.653439,0.07093667,0.146551067,Maher_AlMuaiqly,Al-Rahman,27
55056,0.30427226,2064.66275,1762.926461,3867.955806,0.060283385,0.130283706,Maher_AlMuaiqly,Al-Rahman,27
55057,0.3498869,2061.026803,1614.243533,3780.670412,0.07152319,0.144550956,Maher_AlMuaiqly,Al-Rahman,27
55058,0.28754917,1875.917031,1632.499481,3532.877041,0.063845806,0.112935817,Maher_AlMuaiqly,Al-Rahman,27
55059,0.32462415,2003.977729,1623.777732,3700.796669,0.0766778,0.132392138,Maher_AlMuaiqly,Al-Rahman,27
55060,0.35192877,2260.17736,1765.950375,4073.031631,0.06421916,0.154170636,Maher_AlMuaiqly,Al-Rahman,27
55061,0.37370902,2061.695492,1578.721494,3744.668884,0.067551516,0.146671549,Maher_AlMuaiqly,Al-Rahman,27
55062,0.2847967,2093.970019,1795.769115,3869.388045,0.07725926,0.135589144,Maher_AlMuaiqly,Al-Rahman,27
55063,0.36972836,2145.239099,1692.273962,3828.631725,0.06476866,0.155964281,Maher_AlMuaiqly,Al-Rahman,27
55064,0.27224588,2078.602803,1790.212892,3785.025131,0.081106715,0.134403682,Maher_AlMuaiqly,Al-Rahman,27
55065,0.3451919,2098.51686,1684.13332,3826.799382,0.06030733,0.146988053,Maher_AlMuaiqly,Al-Rahman,27
55066,0.2931575,2032.097735,1667.229097,3782.217407,0.08160051,0.124886068,Maher_AlMuaiqly,Al-Rahman,27
55067,0.37175918,2136.408936,1692.371927,3816.88782,0.059300754,0.151869354,Maher_AlMuaiqly,Al-Rahman,27
55068,0.29663208,1978.69097,1731.50186,3643.373108,0.066863425,0.117111206,Maher_AlMuaiqly,Al-Rahman,27
55069,0.34873307,2181.743415,1701.767106,3861.621094,0.072279274,0.151769186,Maher_AlMuaiqly,Al-Rahman,27
55070,0.3123816,2117.278436,1758.423557,3775.67992,0.067537434,0.138420623,Maher_AlMuaiqly,Al-Rahman,27
55071,0.36977968,2153.766342,1652.484587,3846.73278,0.07078458,0.155431223,Maher_AlMuaiqly,Al-Rahman,27
55072,0.3033014,1999.179566,1760.740003,3808.750953,0.067832135,0.127065072,Maher_AlMuaiqly,Al-Rahman,27
55073,0.3740252,2107.017034,1597.672122,3799.264526,0.07025299,0.15411159,Maher_AlMuaiqly,Al-Rahman,27
55074,0.30756003,1982.8987,1744.651923,3783.206385,0.06020988,0.118197354,Maher_AlMuaiqly,Al-Rahman,27
55075,0.3571472,2065.875824,1641.434677,3794.042309,0.07841745,0.142879766,Maher_AlMuaiqly,Al-Rahman,27
55076,0.3248346,2110.231887,1689.912775,3830.408373,0.06283734,0.139810523,Maher_AlMuaiqly,Al-Rahman,27
55077,0.34998083,2221.576356,1725.442547,3882.530146,0.07920402,0.154473788,Maher_AlMuaiqly,Al-Rahman,27
55078,0.3060077,2069.041822,1700.943209,3926.076625,0.059652425,0.130861157,Maher_AlMuaiqly,Al-Rahman,27
56001,0.34214798,2046.160271,1507.663084,3700.054356,0.07974717,0.14882444,Maher_AlMuaiqly,Al-Wakea,27
56002,0.40598348,2227.653752,1646.479181,3983.911743,0.06719448,0.170906576,Maher_AlMuaiqly,Al-Wakea,27
56003,0.34197327,1940.81614,1590.066154,3652.054158,0.05824555,0.136703167,Maher_AlMuaiqly,Al-Wakea,27
56004,0.3841579,2062.070411,1581.016263,3780.708452,0.059378415,0.15074204,Maher_AlMuaiqly,Al-Wakea,27
56005,0.3774553,2707.223812,2003.998876,4608.105469,0.05863696,0.202878874,Maher_AlMuaiqly,Al-Wakea,27
56006,0.34953952,1988.937249,1676.888312,3764.754605,0.06354767,0.140564525,Maher_AlMuaiqly,Al-Wakea,27
56007,0.33518964,2042.892926,1778.408566,3979.238059,0.058568645,0.143069181,Maher_AlMuaiqly,Al-Wakea,27
56008,0.36453995,2249.072232,1775.271335,4094.607297,0.0674719,0.165105552,Maher_AlMuaiqly,Al-Wakea,27
56009,0.36656308,2445.496801,1830.085041,4296.662955,0.07125754,0.180598818,Maher_AlMuaiqly,Al-Wakea,27
56010,0.3767291,2781.435142,2146.757691,4822.190841,0.065365724,0.203022204,Maher_AlMuaiqly,Al-Wakea,27
56011,0.3180352,1838.589136,1576.906615,3557.681169,0.06923324,0.121253704,Maher_AlMuaiqly,Al-Wakea,27
56012,0.27644223,1995.227863,1609.105808,3603.016103,0.07579573,0.122231902,Maher_AlMuaiqly,Al-Wakea,27
56013,0.2640528,2002.034701,1682.680242,3766.403961,0.072385505,0.129007975,Maher_AlMuaiqly,Al-Wakea,27
56014,0.29567832,2024.753922,1640.40658,3637.955183,0.069854945,0.134585387,Maher_AlMuaiqly,Al-Wakea,27
56015,0.3079209,1888.302813,1671.178802,3683.779378,0.06542999,0.114592749,Maher_AlMuaiqly,Al-Wakea,27
56016,0.35493755,2213.148782,1681.858407,3832.253656,0.07518181,0.157345655,Maher_AlMuaiqly,Al-Wakea,27
56017,0.2748726,1942.827664,1629.892205,3686.413774,0.07290206,0.113270577,Maher_AlMuaiqly,Al-Wakea,27
56018,0.30690342,2077.187701,1742.125142,3768.357563,0.073819704,0.134290137,Maher_AlMuaiqly,Al-Wakea,27
56019,0.30490708,2060.782948,1741.464671,3860.856253,0.078246266,0.130568541,Maher_AlMuaiqly,Al-Wakea,27
56020,0.3098479,2055.990976,1648.306576,3663.317092,0.08232187,0.138703042,Maher_AlMuaiqly,Al-Wakea,27
56021,0.3102565,2079.986509,1679.614473,3758.83052,0.0687214,0.137839647,Maher_AlMuaiqly,Al-Wakea,27
56022,0.32269678,1843.569333,1609.713222,3493.445542,0.074695714,0.118278952,Maher_AlMuaiqly,Al-Wakea,27
56023,0.28505284,1918.917836,1736.041145,3659.637583,0.06499685,0.110393716,Maher_AlMuaiqly,Al-Wakea,27
56024,0.30886856,2009.896934,1657.10551,3747.021116,0.08518265,0.131082326,Maher_AlMuaiqly,Al-Wakea,27
56025,0.33356163,2169.963546,1745.025747,3880.980758,0.07545299,0.147190434,Maher_AlMuaiqly,Al-Wakea,27
56026,0.30273208,2283.607521,1894.619576,4147.328568,0.078997746,0.151298523,Maher_AlMuaiqly,Al-Wakea,27
56027,0.31176513,2253.031813,1761.030618,4020.901802,0.07495517,0.156926673,Maher_AlMuaiqly,Al-Wakea,27
56028,0.28732944,2333.396578,1908.695905,4243.857069,0.07221548,0.147537415,Maher_AlMuaiqly,Al-Wakea,27
56029,0.29192343,1841.212099,1705.728951,3519.436411,0.055772025,0.103681515,Maher_AlMuaiqly,Al-Wakea,27
56030,0.2483612,2055.011743,1708.253743,3713.523536,0.07870468,0.127076741,Maher_AlMuaiqly,Al-Wakea,27
56031,0.3206411,2159.588855,1900.749429,4023.722121,0.071424104,0.139131804,Maher_AlMuaiqly,Al-Wakea,27
56032,0.3212945,2193.447299,1819.710823,3961.363175,0.07385443,0.141509708,Maher_AlMuaiqly,Al-Wakea,27
56033,0.3476084,1890.995608,1538.906068,3558.011424,0.06786599,0.130122619,Maher_AlMuaiqly,Al-Wakea,27
56034,0.33511817,1982.060432,1686.505337,3712.995897,0.057794824,0.123691944,Maher_AlMuaiqly,Al-Wakea,27
56035,0.31564546,2136.353593,1614.198625,3707.790209,0.07512825,0.156096843,Maher_AlMuaiqly,Al-Wakea,27
56036,0.3480758,1961.642122,1577.211604,3659.891622,0.07676071,0.131211074,Maher_AlMuaiqly,Al-Wakea,27
56037,0.33523032,1839.570066,1540.151754,3554.850968,0.070853725,0.107931386,Maher_AlMuaiqly,Al-Wakea,27
56038,0.3460576,2341.862398,1815.18918,4129.109582,0.058549866,0.165816036,Maher_AlMuaiqly,Al-Wakea,27
56039,0.28762907,2069.356346,1668.854444,3803.565889,0.07225685,0.135057636,Maher_AlMuaiqly,Al-Wakea,27
56040,0.31895506,2048.960772,1583.615483,3656.378519,0.06415614,0.14553238,Maher_AlMuaiqly,Al-Wakea,27
56041,0.36256364,2444.078753,1826.81339,4311.774876,0.078266494,0.183274021,Maher_AlMuaiqly,Al-Wakea,27
56042,0.30873075,2267.759999,1771.559738,3946.849625,0.07150429,0.160859836,Maher_AlMuaiqly,Al-Wakea,27
56043,0.25221986,1976.289474,1803.605351,3698.162505,0.06531266,0.115923361,Maher_AlMuaiqly,Al-Wakea,27
56044,0.3318976,2084.017336,1679.044974,3713.616211,0.07306371,0.143453776,Maher_AlMuaiqly,Al-Wakea,27
56045,0.32258788,2095.714084,1653.923937,3685.859577,0.071753494,0.148176915,Maher_AlMuaiqly,Al-Wakea,27
56046,0.29054067,2112.188404,1765.725479,3959.598777,0.06635625,0.140813306,Maher_AlMuaiqly,Al-Wakea,27
56047,0.33101872,1957.205083,1641.149366,3679.549666,0.064416945,0.13083887,Maher_AlMuaiqly,Al-Wakea,27
56048,0.2974696,1909.152419,1727.681308,3618.88145,0.080891326,0.123581414,Maher_AlMuaiqly,Al-Wakea,27
56049,0.28026378,2102.094408,1697.474418,3717.096442,0.079990715,0.144633525,Maher_AlMuaiqly,Al-Wakea,27
56050,0.31642103,1958.095293,1673.281571,3675.727259,0.06333463,0.119566527,Maher_AlMuaiqly,Al-Wakea,27
56051,0.2799174,1841.869862,1654.483757,3575.627988,0.0690099,0.10851765,Maher_AlMuaiqly,Al-Wakea,27
56052,0.29649544,2075.459067,1772.097818,3875.322517,0.0664246,0.126722675,Maher_AlMuaiqly,Al-Wakea,27
56053,0.27058893,1890.251091,1845.802586,3720.639148,0.07450075,0.10133895,Maher_AlMuaiqly,Al-Wakea,27
56054,0.3271813,2289.434071,1674.416664,3923.131552,0.07937152,0.154748072,Maher_AlMuaiqly,Al-Wakea,27
56055,0.3609512,2397.556437,1801.052426,4106.381836,0.0689548,0.158845403,Maher_AlMuaiqly,Al-Wakea,27
56056,0.31550744,2125.24911,1730.742648,3796.248498,0.070999324,0.139398037,Maher_AlMuaiqly,Al-Wakea,27
56057,0.32141873,1944.859977,1731.473551,3751.28849,0.057794288,0.121033738,Maher_AlMuaiqly,Al-Wakea,27
56058,0.28813615,1787.356865,1609.789359,3464.663284,0.06159445,0.102651235,Maher_AlMuaiqly,Al-Wakea,27
56059,0.3119966,1737.585877,1625.265756,3458.950195,0.056028828,0.101681219,Maher_AlMuaiqly,Al-Wakea,27
56060,0.31834683,2154.066005,1744.78452,3962.41084,0.05843048,0.144037109,Maher_AlMuaiqly,Al-Wakea,27
56061,0.32332933,1980.335136,1617.76109,3728.843441,0.07124708,0.132989928,Maher_AlMuaiqly,Al-Wakea,27
56062,0.32828316,1895.423539,1610.772852,3559.501347,0.06334128,0.119833248,Maher_AlMuaiqly,Al-Wakea,27
56063,0.25547037,1743.906742,1726.356642,3363.448104,0.06334417,0.093955136,Maher_AlMuaiqly,Al-Wakea,27
56064,0.30504274,1920.739341,1701.585826,3714.52316,0.061099492,0.118428893,Maher_AlMuaiqly,Al-Wakea,27
56065,0.31805617,1878.902142,1594.868016,3584.569991,0.06585436,0.120460912,Maher_AlMuaiqly,Al-Wakea,27
56066,0.30745482,1963.65056,1769.301102,3621.857159,0.07843023,0.112993289,Maher_AlMuaiqly,Al-Wakea,27
56067,0.31623173,1698.467527,1592.687192,3357.490809,0.055201456,0.095511642,Maher_AlMuaiqly,Al-Wakea,27
56068,0.3087956,2025.141295,1684.829793,3857.759857,0.06644342,0.127166748,Maher_AlMuaiqly,Al-Wakea,27
56069,0.28131464,1957.567543,1774.617954,3838.649843,0.056251306,0.114734184,Maher_AlMuaiqly,Al-Wakea,27
56070,0.34306657,2120.143139,1672.21888,3887.04829,0.0728436,0.140492551,Maher_AlMuaiqly,Al-Wakea,27
56071,0.28198513,1867.835092,1682.77045,3542.925722,0.062539235,0.110454075,Maher_AlMuaiqly,Al-Wakea,27
56072,0.31333792,2093.843396,1719.906822,3862.072673,0.060469348,0.137194097,Maher_AlMuaiqly,Al-Wakea,27
56073,0.32433394,2074.166195,1652.578632,3759.270236,0.065188214,0.138266004,Maher_AlMuaiqly,Al-Wakea,27
56074,0.36648312,2353.006412,1895.317285,4199.128418,0.05474,0.160107422,Maher_AlMuaiqly,Al-Wakea,27
56075,0.2926218,2045.874411,1742.281458,3807.771157,0.073178925,0.130988355,Maher_AlMuaiqly,Al-Wakea,27
56076,0.3035489,2118.096031,1722.359473,3825.385112,0.06909304,0.1417932,Maher_AlMuaiqly,Al-Wakea,27
56077,0.31162444,2056.31992,1669.680699,3728.911027,0.06852112,0.131818246,Maher_AlMuaiqly,Al-Wakea,27
56078,0.34205556,2044.709236,1670.820572,3673.453074,0.052320413,0.140140928,Maher_AlMuaiqly,Al-Wakea,27
56079,0.29159227,2058.541819,1847.230894,3897.458003,0.06303268,0.123896672,Maher_AlMuaiqly,Al-Wakea,27
56080,0.30769128,2160.595808,1757.799558,3860.494011,0.07058403,0.14172935,Maher_AlMuaiqly,Al-Wakea,27
56081,0.31084192,2148.022211,1731.912045,3842.883429,0.06947716,0.13776213,Maher_AlMuaiqly,Al-Wakea,27
56082,0.31165144,2033.04285,1775.502075,3803.353764,0.056486785,0.121664194,Maher_AlMuaiqly,Al-Wakea,27
56083,0.31817102,2082.253995,1797.835706,3801.333799,0.07770493,0.131268528,Maher_AlMuaiqly,Al-Wakea,27
56084,0.30278435,2039.039969,1793.433647,3815.229708,0.054922648,0.129629098,Maher_AlMuaiqly,Al-Wakea,27
56085,0.32610118,2141.028057,1794.159073,3861.68066,0.07150124,0.13378501,Maher_AlMuaiqly,Al-Wakea,27
56086,0.29173464,2174.116393,1747.435292,3852.717416,0.07189229,0.146387464,Maher_AlMuaiqly,Al-Wakea,27
56087,0.33532503,2206.628403,1731.942909,3878.570924,0.06217295,0.152957533,Maher_AlMuaiqly,Al-Wakea,27
56088,0.31096432,2164.396858,1667.365534,3816.167178,0.07664458,0.150297521,Maher_AlMuaiqly,Al-Wakea,27
56089,0.31427452,1988.550088,1660.779994,3588.494318,0.06567941,0.123568977,Maher_AlMuaiqly,Al-Wakea,27
56090,0.32255045,2299.9646,1807.557221,3973.870482,0.07278254,0.159605218,Maher_AlMuaiqly,Al-Wakea,27
56091,0.34550786,2429.901261,1864.721883,4232.401151,0.067349225,0.161183912,Maher_AlMuaiqly,Al-Wakea,27
56092,0.28753412,2132.611079,1766.770807,3800.668081,0.076147236,0.131783575,Maher_AlMuaiqly,Al-Wakea,27
56093,0.28521624,2283.519534,1857.996655,3898.395625,0.07071856,0.140998937,Maher_AlMuaiqly,Al-Wakea,27
56094,0.34717846,2486.10644,1828.43308,4131.479779,0.069777526,0.173023897,Maher_AlMuaiqly,Al-Wakea,27
56095,0.31063113,2177.80345,1688.25724,3797.66896,0.071898125,0.146972656,Maher_AlMuaiqly,Al-Wakea,27
56096,0.34461102,2371.228581,1796.045487,4127.295591,0.055324137,0.157668022,Maher_AlMuaiqly,Al-Wakea,27
57001,0.3483605,2318.16765,1706.85936,4041.376529,0.07181925,0.167984672,Maher_AlMuaiqly,Al-Hadid,27
57002,0.3050428,2050.811537,1684.100482,3864.808913,0.055367205,0.131686235,Maher_AlMuaiqly,Al-Hadid,27
57003,0.31212953,2007.179458,1590.503479,3710.08978,0.066318326,0.129991505,Maher_AlMuaiqly,Al-Hadid,27
57004,0.31549728,2105.036498,1692.312196,3928.650228,0.062845476,0.143671663,Maher_AlMuaiqly,Al-Hadid,27
57005,0.30116588,1918.02013,1676.617016,3696.044447,0.060146764,0.120005092,Maher_AlMuaiqly,Al-Hadid,27
57006,0.30947715,2089.309523,1696.57846,3818.294449,0.0637486,0.134205707,Maher_AlMuaiqly,Al-Hadid,27
57007,0.2971678,2025.531785,1719.469655,3823.366641,0.06438684,0.12933125,Maher_AlMuaiqly,Al-Hadid,27
57008,0.29972324,1944.362785,1682.87786,3739.293622,0.05727671,0.120608291,Maher_AlMuaiqly,Al-Hadid,27
57009,0.29931337,2010.924845,1646.990128,3716.383807,0.06738116,0.129408364,Maher_AlMuaiqly,Al-Hadid,27
57010,0.3180626,2028.53562,1669.858156,3784.399781,0.06469433,0.133118088,Maher_AlMuaiqly,Al-Hadid,27
57011,0.30547026,1895.566445,1662.953045,3660.539183,0.062468633,0.116405868,Maher_AlMuaiqly,Al-Hadid,27
57012,0.32120815,2091.2534,1683.954332,3821.461093,0.066902205,0.136718288,Maher_AlMuaiqly,Al-Hadid,27
57013,0.30719236,1987.145347,1667.895661,3762.637413,0.06878098,0.124263484,Maher_AlMuaiqly,Al-Hadid,27
57014,0.31980538,1985.962384,1736.239073,3782.067294,0.06475511,0.123090665,Maher_AlMuaiqly,Al-Hadid,27
57015,0.31767857,2081.225301,1778.756827,3872.654057,0.06832135,0.134246826,Maher_AlMuaiqly,Al-Hadid,27
57016,0.32758483,2090.322924,1736.541851,3821.114843,0.06959755,0.135363028,Maher_AlMuaiqly,Al-Hadid,27
57017,0.3071165,1967.831485,1715.832566,3674.473373,0.06540191,0.121611222,Maher_AlMuaiqly,Al-Hadid,27
57018,0.32814127,2082.726556,1730.424989,3888.54089,0.06262014,0.137142524,Maher_AlMuaiqly,Al-Hadid,27
57019,0.32900187,2021.675395,1683.513158,3786.230587,0.06483836,0.132435664,Maher_AlMuaiqly,Al-Hadid,27
57020,0.31177703,1928.527765,1639.790742,3637.611503,0.06509063,0.121597932,Maher_AlMuaiqly,Al-Hadid,27
57021,0.31269953,1991.655757,1643.51556,3723.804143,0.06820519,0.127364856,Maher_AlMuaiqly,Al-Hadid,27
57022,0.31611457,2162.759852,1723.815626,3896.928171,0.064255476,0.148689039,Maher_AlMuaiqly,Al-Hadid,27
57023,0.3300438,1990.376483,1659.235029,3758.304994,0.058545053,0.136241635,Maher_AlMuaiqly,Al-Hadid,27
57024,0.32080054,2015.180567,1700.812554,3722.016624,0.061897203,0.129940915,Maher_AlMuaiqly,Al-Hadid,27
57025,0.31375787,2092.143596,1780.103088,3934.954288,0.0631164,0.132688561,Maher_AlMuaiqly,Al-Hadid,27
57026,0.3088124,1963.996631,1711.207627,3672.443075,0.0561208,0.122687294,Maher_AlMuaiqly,Al-Hadid,27
57027,0.32488546,1997.386017,1653.324941,3708.750853,0.06513131,0.12858449,Maher_AlMuaiqly,Al-Hadid,27
57028,0.30214,2005.226202,1696.365812,3756.067971,0.06775046,0.122632796,Maher_AlMuaiqly,Al-Hadid,27
57029,0.29808056,1985.18219,1634.860221,3653.818284,0.06976899,0.12076781,Maher_AlMuaiqly,Al-Hadid,27
58001,0.29589105,2148.886403,1787.56229,4010.656203,0.065709166,0.133845693,Maher_AlMuaiqly,Al-Mojadala,28
58002,0.28695053,1803.967623,1636.523902,3554.425757,0.068416305,0.106674536,Maher_AlMuaiqly,Al-Mojadala,28
58003,0.29673558,1883.548683,1669.750612,3651.070959,0.06886045,0.112788977,Maher_AlMuaiqly,Al-Mojadala,28
58004,0.30603075,2115.481943,1774.125376,4004.495364,0.0656747,0.136656127,Maher_AlMuaiqly,Al-Mojadala,28
58005,0.3052106,2009.892064,1729.706768,3795.98991,0.07359592,0.126942329,Maher_AlMuaiqly,Al-Mojadala,28
58006,0.30895045,2044.284988,1813.469528,3914.446164,0.072009906,0.124338569,Maher_AlMuaiqly,Al-Mojadala,28
58007,0.32665354,2015.272327,1703.375309,3809.394577,0.079215884,0.128852177,Maher_AlMuaiqly,Al-Mojadala,28
58008,0.32241163,2064.860249,1708.889199,3886.995101,0.070789106,0.132291958,Maher_AlMuaiqly,Al-Mojadala,28
58009,0.33252943,2048.324682,1679.852427,3853.929031,0.075592235,0.13130567,Maher_AlMuaiqly,Al-Mojadala,28
58010,0.31172082,2066.625719,1708.742625,3899.618972,0.07692179,0.130912517,Maher_AlMuaiqly,Al-Mojadala,28
58011,0.30651587,2031.424486,1710.310829,3827.457617,0.076310255,0.128002694,Maher_AlMuaiqly,Al-Mojadala,28
58012,0.31821653,1980.041309,1682.360084,3794.292308,0.07577099,0.131609434,Maher_AlMuaiqly,Al-Mojadala,28
58013,0.31789047,2028.668438,1727.148595,3908.556019,0.074214555,0.133637847,Maher_AlMuaiqly,Al-Mojadala,28
58014,0.31335256,1881.556198,1628.230763,3602.761517,0.08206644,0.115933608,Maher_AlMuaiqly,Al-Mojadala,28
58015,0.3012489,1978.771997,1625.032532,3680.688736,0.085620634,0.129756846,Maher_AlMuaiqly,Al-Mojadala,28
58016,0.29738802,1998.907389,1765.17274,3803.436584,0.07627137,0.122322301,Maher_AlMuaiqly,Al-Mojadala,28
58017,0.308128,1942.825895,1651.769984,3745.946302,0.08195062,0.123251233,Maher_AlMuaiqly,Al-Mojadala,28
58018,0.31547612,1966.281162,1686.586679,3716.46745,0.07647971,0.122168327,Maher_AlMuaiqly,Al-Mojadala,28
58019,0.33062887,2094.735401,1784.739421,4011.145229,0.07431776,0.135266498,Maher_AlMuaiqly,Al-Mojadala,28
58020,0.32056558,2067.642346,1730.168996,3716.324892,0.06393329,0.128196737,Maher_AlMuaiqly,Al-Mojadala,28
58021,0.3082723,2295.271592,1792.898459,4024.931384,0.07116132,0.145592094,Maher_AlMuaiqly,Al-Mojadala,28
58022,0.3087416,1854.874825,1650.65416,3613.320049,0.0722821,0.112244906,Maher_AlMuaiqly,Al-Mojadala,28
59001,0.33242363,2077.190085,1692.337178,3938.209886,0.0749684,0.1394821,Maher_AlMuaiqly,Al-Hashr,28
59002,0.314098,1883.227638,1652.030882,3698.043261,0.0700418,0.115956,Maher_AlMuaiqly,Al-Hashr,28
59003,0.33475855,1873.660312,1549.280796,3671.191854,0.07687752,0.12390808,Maher_AlMuaiqly,Al-Hashr,28
59004,0.3183389,1933.018217,1613.640862,3769.281306,0.0789464,0.124637391,Maher_AlMuaiqly,Al-Hashr,28
59005,0.335143,2016.589825,1671.035285,3892.066428,0.073947325,0.134464912,Maher_AlMuaiqly,Al-Hashr,28
59006,0.33340502,2070.885181,1704.557022,3912.63591,0.08068713,0.137224803,Maher_AlMuaiqly,Al-Hashr,28
59007,0.32073194,2021.188103,1687.424891,3866.152844,0.07857074,0.13226428,Maher_AlMuaiqly,Al-Hashr,28
59008,0.32109872,2045.898959,1730.267666,3895.446622,0.08503549,0.129722324,Maher_AlMuaiqly,Al-Hashr,28
59009,0.3287213,2109.124053,1743.864699,3923.959779,0.08752796,0.137115637,Maher_AlMuaiqly,Al-Hashr,28
59010,0.34079182,2110.691884,1671.73061,3830.457007,0.0957279,0.144519713,Maher_AlMuaiqly,Al-Hashr,28
59011,0.3196156,2067.214378,1713.687779,3849.388372,0.080708906,0.134262691,Maher_AlMuaiqly,Al-Hashr,28
59012,0.30416965,2029.630805,1780.643758,3920.697939,0.08415238,0.125979092,Maher_AlMuaiqly,Al-Hashr,28
59013,0.3228224,2113.662705,1788.23285,3961.772919,0.08108478,0.135819869,Maher_AlMuaiqly,Al-Hashr,28
59014,0.32801738,2155.488674,1797.402893,3971.83474,0.08491662,0.139832943,Maher_AlMuaiqly,Al-Hashr,28
59015,0.32188138,2151.186593,1703.445939,3894.99679,0.09065691,0.149716232,Maher_AlMuaiqly,Al-Hashr,28
59016,0.32089055,2100.14788,1730.549225,3888.890977,0.07976016,0.140720533,Maher_AlMuaiqly,Al-Hashr,28
59017,0.33915588,2095.433605,1680.54978,3811.874486,0.08840897,0.145484346,Maher_AlMuaiqly,Al-Hashr,28
59018,0.3170074,2003.987894,1741.887481,3799.102326,0.08186587,0.129537676,Maher_AlMuaiqly,Al-Hashr,28
59019,0.32430476,2143.760844,1860.91187,4030.827085,0.081037775,0.14094452,Maher_AlMuaiqly,Al-Hashr,28
59020,0.31483045,2211.526833,1844.338432,4100.918258,0.08530873,0.143419768,Maher_AlMuaiqly,Al-Hashr,28
59021,0.32062197,2063.943438,1763.990707,3882.759971,0.080186434,0.130731702,Maher_AlMuaiqly,Al-Hashr,28
59022,0.3176339,2023.478627,1692.185847,3784.772706,0.09124694,0.129787649,Maher_AlMuaiqly,Al-Hashr,28
59023,0.3261237,2238.137106,1760.509832,3966.965166,0.07228864,0.146931557,Maher_AlMuaiqly,Al-Hashr,28
59024,0.31347883,2093.899204,1823.061564,3996.200597,0.08046996,0.126500952,Maher_AlMuaiqly,Al-Hashr,28
60001,0.30868712,1970.805912,1679.785841,3792.72225,0.080792725,0.127312465,Maher_AlMuaiqly,Al-Momtahana,28
60002,0.3034861,2080.717392,1798.53474,3816.814946,0.08255814,0.127705036,Maher_AlMuaiqly,Al-Momtahana,28
60003,0.32759798,2086.301461,1694.046884,3852.513163,0.09122101,0.140559949,Maher_AlMuaiqly,Al-Momtahana,28
60004,0.31019032,1999.577683,1651.779882,3788.572513,0.086492285,0.131232822,Maher_AlMuaiqly,Al-Momtahana,28
60005,0.339461,2015.267531,1669.77234,3790.253218,0.081433445,0.135541195,Maher_AlMuaiqly,Al-Momtahana,28
60006,0.30405447,2003.016767,1719.887999,3823.910902,0.08071869,0.127321639,Maher_AlMuaiqly,Al-Momtahana,28
60007,0.29802412,1953.752064,1712.602134,3725.941572,0.08430045,0.120982058,Maher_AlMuaiqly,Al-Momtahana,28
60008,0.2914328,1930.451059,1743.322569,3724.758331,0.078734666,0.115904869,Maher_AlMuaiqly,Al-Momtahana,28
60009,0.29814622,1790.595143,1647.788932,3606.704096,0.082293406,0.103799283,Maher_AlMuaiqly,Al-Momtahana,28
60010,0.30081362,1905.09443,1643.837492,3638.040772,0.085929126,0.117921306,Maher_AlMuaiqly,Al-Momtahana,28
60011,0.29400352,1900.46151,1709.425032,3725.186565,0.08013355,0.111375778,Maher_AlMuaiqly,Al-Momtahana,28
60012,0.30884975,1977.153942,1671.848371,3746.401844,0.090470985,0.122606586,Maher_AlMuaiqly,Al-Momtahana,28
60013,0.30895087,1938.873815,1672.839146,3733.710718,0.09493743,0.117689877,Maher_AlMuaiqly,Al-Momtahana,28
61001,0.38772503,2392.464786,1606.621978,3893.972723,0.053919587,0.193722501,Maher_AlMuaiqly,Al-Saf,28
61002,0.3605712,2332.514984,1563.233998,3773.381506,0.069353655,0.197462271,Maher_AlMuaiqly,Al-Saf,28
61003,0.33931494,2054.488723,1575.400792,3692.16131,0.054558326,0.162562145,Maher_AlMuaiqly,Al-Saf,28
61004,0.3180295,2137.362414,1627.163493,3830.301968,0.04826509,0.157926811,Maher_AlMuaiqly,Al-Saf,28
61005,0.34195796,2160.649676,1612.653238,3780.816479,0.061568566,0.167698207,Maher_AlMuaiqly,Al-Saf,28
61006,0.33214617,2181.503689,1605.244551,3761.532127,0.05972983,0.166340921,Maher_AlMuaiqly,Al-Saf,28
61007,0.36293513,2211.88805,1546.328017,3750.944334,0.063573875,0.177407492,Maher_AlMuaiqly,Al-Saf,28
61008,0.3319314,2082.384091,1545.123478,3624.280862,0.060639087,0.153426825,Maher_AlMuaiqly,Al-Saf,28
61009,0.31885135,1979.646023,1544.697198,3610.665189,0.05058994,0.139372486,Maher_AlMuaiqly,Al-Saf,28
61010,0.34495023,2222.567531,1553.197949,3705.973829,0.06642731,0.175039106,Maher_AlMuaiqly,Al-Saf,28
61011,0.32501823,2109.128999,1599.222305,3752.273131,0.05522351,0.155798886,Maher_AlMuaiqly,Al-Saf,28
61012,0.33668235,2188.1523,1575.785818,3724.838645,0.059619404,0.1670816,Maher_AlMuaiqly,Al-Saf,28
61013,0.34795398,2204.546715,1615.646741,3795.503117,0.057011835,0.166478866,Maher_AlMuaiqly,Al-Saf,28
61014,0.34543797,2155.781714,1561.185493,3724.770517,0.06578877,0.166794636,Maher_AlMuaiqly,Al-Saf,28
62001,0.3264083,2338.434502,1846.191827,4192.937263,0.093151666,0.164045768,Maher_AlMuaiqly,Al-Jomoa,28
62002,0.24606849,1496.813835,1752.576333,3368.566274,0.17879403,0.065015832,Maher_AlMuaiqly,Al-Jomoa,28
62003,0.31019995,2080.189132,1670.158877,3807.219964,0.098715045,0.137442688,Maher_AlMuaiqly,Al-Jomoa,28
62004,0.32167792,2091.464062,1659.784555,3836.457534,0.09287165,0.139851653,Maher_AlMuaiqly,Al-Jomoa,28
62005,0.31806415,2090.943098,1689.740735,3843.370888,0.0940433,0.138540788,Maher_AlMuaiqly,Al-Jomoa,28
62006,0.29004642,1973.344564,1689.38691,3706.802772,0.09785706,0.124227302,Maher_AlMuaiqly,Al-Jomoa,28
62007,0.29014856,1931.392306,1649.66755,3601.861948,0.09648023,0.121509136,Maher_AlMuaiqly,Al-Jomoa,28
62008,0.29966706,1964.408659,1655.971152,3643.924265,0.09559636,0.125296937,Maher_AlMuaiqly,Al-Jomoa,28
62009,0.3154013,2062.692506,1684.429075,3803.632289,0.098200284,0.135910917,Maher_AlMuaiqly,Al-Jomoa,28
62010,0.31563395,2028.751515,1691.180674,3809.475617,0.095432155,0.132015667,Maher_AlMuaiqly,Al-Jomoa,28
62011,0.2913771,1894.963193,1650.337509,3595.007177,0.094518624,0.118539499,Maher_AlMuaiqly,Al-Jomoa,28
63001,0.32289755,2074.754936,1700.422693,3852.965261,0.094093665,0.143770263,Maher_AlMuaiqly,Al-Monafekon,28
63002,0.2958956,1997.913847,1721.873506,3799.623596,0.092709854,0.130063805,Maher_AlMuaiqly,Al-Monafekon,28
63003,0.28304183,1833.806578,1609.044585,3507.597793,0.096447505,0.114546826,Maher_AlMuaiqly,Al-Monafekon,28
63004,0.31024098,2006.426584,1717.937384,3787.129481,0.091912,0.123071494,Maher_AlMuaiqly,Al-Monafekon,28
63005,0.30278066,2039.3997,1739.759449,3885.181278,0.09401003,0.125546837,Maher_AlMuaiqly,Al-Monafekon,28
63006,0.2859345,2086.531287,1741.705052,3895.006378,0.09611428,0.129185004,Maher_AlMuaiqly,Al-Monafekon,28
63007,0.30360433,1993.779009,1665.434709,3748.565437,0.09469168,0.128343202,Maher_AlMuaiqly,Al-Monafekon,28
63008,0.29864958,2096.829881,1696.704647,3864.041773,0.09841582,0.13266394,Maher_AlMuaiqly,Al-Monafekon,28
63009,0.3005051,1996.337897,1650.196429,3699.92848,0.09944188,0.129961829,Maher_AlMuaiqly,Al-Monafekon,28
63010,0.29443863,2022.044708,1692.318352,3764.035418,0.09513364,0.12719798,Maher_AlMuaiqly,Al-Monafekon,28
63011,0.31251895,2008.748055,1651.431601,3768.593878,0.09609194,0.129769196,Maher_AlMuaiqly,Al-Monafekon,28
64001,0.31097174,2158.010138,1695.085715,3925.956548,0.09349159,0.145960154,Maher_AlMuaiqly,Al-Taghabon,28
64002,0.2973646,1884.784774,1617.285275,3573.172589,0.091333084,0.125317018,Maher_AlMuaiqly,Al-Taghabon,28
64003,0.3149957,2273.653275,1872.263532,4230.460304,0.08534305,0.153335081,Maher_AlMuaiqly,Al-Taghabon,28
64004,0.30806038,2063.385087,1719.672353,3905.72504,0.0911408,0.131754943,Maher_AlMuaiqly,Al-Taghabon,28
64005,0.3089274,1993.921271,1600.685249,3677.543105,0.09570457,0.137334222,Maher_AlMuaiqly,Al-Taghabon,28
64006,0.3073114,1978.992514,1667.612588,3699.925804,0.09064033,0.127664566,Maher_AlMuaiqly,Al-Taghabon,28
64007,0.30010054,1964.154803,1622.837612,3616.022154,0.096394874,0.12741464,Maher_AlMuaiqly,Al-Taghabon,28
64008,0.29681608,2057.0691,1669.314501,3783.85752,0.09807129,0.133486328,Maher_AlMuaiqly,Al-Taghabon,28
64009,0.31715083,2063.339676,1644.471717,3721.381141,0.094665915,0.140850834,Maher_AlMuaiqly,Al-Taghabon,28
64010,0.34140712,2145.387808,1664.308975,3876.066434,0.09312953,0.152652696,Maher_AlMuaiqly,Al-Taghabon,28
64011,0.3079353,2143.31069,1698.454295,3862.913086,0.09836525,0.145448289,Maher_AlMuaiqly,Al-Taghabon,28
64012,0.31077543,2077.125409,1671.423667,3816.220776,0.09730418,0.137732793,Maher_AlMuaiqly,Al-Taghabon,28
64013,0.30334255,2004.622509,1612.21114,3705.794796,0.09969131,0.136612789,Maher_AlMuaiqly,Al-Taghabon,28
64014,0.30727333,1977.287739,1648.976225,3709.94087,0.0939522,0.131521525,Maher_AlMuaiqly,Al-Taghabon,28
64015,0.3109969,1988.726224,1638.89923,3679.524354,0.09576886,0.138920644,Maher_AlMuaiqly,Al-Taghabon,28
64016,0.31930587,2077.419851,1719.304518,3911.686906,0.08787961,0.141478734,Maher_AlMuaiqly,Al-Taghabon,28
64017,0.30184263,2063.144762,1677.750691,3778.341868,0.094346896,0.137689358,Maher_AlMuaiqly,Al-Taghabon,28
64018,0.34653583,2288.362497,1694.975588,3972.695782,0.09610519,0.161743675,Maher_AlMuaiqly,Al-Taghabon,28
65001,0.32608578,2012.675893,1608.129417,3719.370021,0.09074344,0.13939201,Maher_AlMuaiqly,Al-Talak,28
65002,0.3216877,1990.704791,1612.854807,3645.31489,0.09304178,0.134658213,Maher_AlMuaiqly,Al-Talak,28
65003,0.32782483,2036.030656,1653.693915,3808.445732,0.089151815,0.136836347,Maher_AlMuaiqly,Al-Talak,28
65004,0.31581533,2039.370789,1624.617641,3693.868416,0.09346471,0.139738589,Maher_AlMuaiqly,Al-Talak,28
65005,0.3222545,1994.286207,1612.988758,3667.680832,0.092510164,0.135289986,Maher_AlMuaiqly,Al-Talak,28
65006,0.2963666,1900.72843,1633.819842,3567.287834,0.09256026,0.121687665,Maher_AlMuaiqly,Al-Talak,28
65007,0.3235945,2113.3165,1738.631314,3907.019853,0.09360553,0.140436168,Maher_AlMuaiqly,Al-Talak,28
65008,0.3231913,2104.804225,1652.15198,3830.898037,0.094658434,0.142915119,Maher_AlMuaiqly,Al-Talak,28
65009,0.35209176,2143.09112,1673.08521,3918.489545,0.09392193,0.145416545,Maher_AlMuaiqly,Al-Talak,28
65010,0.31442708,2009.321355,1605.551867,3755.08734,0.097127825,0.134460277,Maher_AlMuaiqly,Al-Talak,28
65011,0.31516844,2072.740578,1672.318069,3823.021682,0.094442435,0.134868476,Maher_AlMuaiqly,Al-Talak,28
65012,0.29602987,1972.195845,1613.252693,3677.864229,0.096166804,0.123341089,Maher_AlMuaiqly,Al-Talak,28
66001,0.33541933,2001.761754,1677.978677,3788.721852,0.09035769,0.139952075,Maher_AlMuaiqly,Al-Tahreem,28
66002,0.32931584,1974.489726,1601.262577,3711.62657,0.09399653,0.137917397,Maher_AlMuaiqly,Al-Tahreem,28
66003,0.3235782,2008.480724,1635.848495,3786.168499,0.09399409,0.137666464,Maher_AlMuaiqly,Al-Tahreem,28
66004,0.31817332,1995.43126,1672.496563,3811.03221,0.09174337,0.138198026,Maher_AlMuaiqly,Al-Tahreem,28
66005,0.30269003,1987.199541,1681.896384,3755.28719,0.09414197,0.132809088,Maher_AlMuaiqly,Al-Tahreem,28
66006,0.31267554,2003.217342,1676.789961,3770.411067,0.09656717,0.134375729,Maher_AlMuaiqly,Al-Tahreem,28
66007,0.31212646,2005.698933,1667.231501,3681.956881,0.09788253,0.133801583,Maher_AlMuaiqly,Al-Tahreem,28
66008,0.31199762,2038.334275,1698.894624,3791.165083,0.09579658,0.131652974,Maher_AlMuaiqly,Al-Tahreem,28
66009,0.31296048,2065.30718,1683.317679,3778.755757,0.09805759,0.133529826,Maher_AlMuaiqly,Al-Tahreem,28
66010,0.32179338,2016.495735,1649.733581,3760.512809,0.09676116,0.134886749,Maher_AlMuaiqly,Al-Tahreem,28
66011,0.2961652,1953.663202,1694.145481,3699.615994,0.093853064,0.119670122,Maher_AlMuaiqly,Al-Tahreem,28
66012,0.3295226,2130.129219,1706.613919,3875.772531,0.0929769,0.139852007,Maher_AlMuaiqly,Al-Tahreem,28
67001,0.27726862,1964.272579,1703.826365,3762.554556,0.11553245,0.116610953,Maher_AlMuaiqly,Al-Molk,29
67002,0.30800015,1911.603856,1702.135024,3761.221063,0.107976004,0.116628511,Maher_AlMuaiqly,Al-Molk,29
67003,0.2998452,1901.075764,1717.398848,3776.953855,0.104608834,0.117528908,Maher_AlMuaiqly,Al-Molk,29
67004,0.28953877,1984.975302,1834.402142,3860.040675,0.10748705,0.113924826,Maher_AlMuaiqly,Al-Molk,29
67005,0.31160653,2100.280047,1733.238439,3955.736564,0.11160375,0.138794563,Maher_AlMuaiqly,Al-Molk,29
67006,0.29588795,2013.586007,1763.8212,3842.990441,0.11097044,0.115903573,Maher_AlMuaiqly,Al-Molk,29
67007,0.28399494,1878.643802,1740.663524,3612.709152,0.11529162,0.110847619,Maher_AlMuaiqly,Al-Molk,29
67008,0.30621818,2075.390926,1807.992121,3918.936894,0.11082699,0.12751998,Maher_AlMuaiqly,Al-Molk,29
67009,0.29139498,1923.607785,1695.59865,3778.593256,0.11119987,0.113576596,Maher_AlMuaiqly,Al-Molk,29
67010,0.2973922,2002.956575,1718.767949,3835.437365,0.11211498,0.122484802,Maher_AlMuaiqly,Al-Molk,29
67011,0.31634778,2164.517144,1832.648183,4052.635733,0.10519023,0.135849478,Maher_AlMuaiqly,Al-Molk,29
67012,0.2772485,1814.402127,1640.295517,3550.318909,0.11282569,0.10471889,Maher_AlMuaiqly,Al-Molk,29
67013,0.27881125,1839.34713,1730.1934,3649.516855,0.11154621,0.100489174,Maher_AlMuaiqly,Al-Molk,29
67014,0.3137308,1947.868573,1646.763622,3685.523289,0.115339376,0.115706104,Maher_AlMuaiqly,Al-Molk,29
67015,0.29083693,1930.952073,1725.93034,3770.588097,0.113142654,0.111656776,Maher_AlMuaiqly,Al-Molk,29
67016,0.29539627,2055.615209,1798.55811,3884.701222,0.10929892,0.126306994,Maher_AlMuaiqly,Al-Molk,29
67017,0.30825576,2158.267833,1816.162531,3993.356357,0.115397684,0.133682758,Maher_AlMuaiqly,Al-Molk,29
67018,0.3490938,2142.26429,1737.922586,3842.177611,0.10945609,0.136527146,Maher_AlMuaiqly,Al-Molk,29
67019,0.28333524,1936.687458,1729.888727,3716.736148,0.11454931,0.111694721,Maher_AlMuaiqly,Al-Molk,29
67020,0.28658447,1856.302613,1694.340817,3713.480158,0.11351226,0.108499341,Maher_AlMuaiqly,Al-Molk,29
67021,0.2764977,1815.765597,1748.986447,3648.168469,0.1124497,0.098465518,Maher_AlMuaiqly,Al-Molk,29
67022,0.2919672,2159.105438,1794.1909,4009.462667,0.11814041,0.129835328,Maher_AlMuaiqly,Al-Molk,29
67023,0.30111197,2069.583575,1784.942366,3936.548378,0.113760695,0.126495288,Maher_AlMuaiqly,Al-Molk,29
67024,0.2794368,1808.577655,1662.562379,3627.860229,0.11999107,0.099274902,Maher_AlMuaiqly,Al-Molk,29
67025,0.2911643,1869.054071,1674.545794,3710.025527,0.11347137,0.109986897,Maher_AlMuaiqly,Al-Molk,29
67026,0.25181156,1682.942927,1574.986471,3417.871958,0.12210967,0.095430897,Maher_AlMuaiqly,Al-Molk,29
67027,0.27333838,1850.276022,1711.98804,3678.145537,0.11554769,0.101063687,Maher_AlMuaiqly,Al-Molk,29
67028,0.2967823,1986.199005,1643.428269,3687.762169,0.122217424,0.123658568,Maher_AlMuaiqly,Al-Molk,29
67029,0.28543305,1834.318205,1611.096361,3547.266657,0.11784248,0.10732674,Maher_AlMuaiqly,Al-Molk,29
67030,0.28228417,1700.726272,1612.266573,3438.489709,0.1118871,0.097188537,Maher_AlMuaiqly,Al-Molk,29
68001,0.2740925,1506.850947,1646.130522,3094.268585,0.10440169,0.081158831,Maher_AlMuaiqly,Al-Kalam,29
68002,0.29246217,1836.546559,1629.725341,3630.56138,0.105735555,0.123439415,Maher_AlMuaiqly,Al-Kalam,29
68003,0.27063727,1623.676729,1510.839355,3305.275847,0.11041744,0.096663626,Maher_AlMuaiqly,Al-Kalam,29
68004,0.28556883,1846.301455,1601.279594,3587.679505,0.11092587,0.112996712,Maher_AlMuaiqly,Al-Kalam,29
68005,0.3458371,2302.668553,2069.742398,4427.893066,0.09338862,0.151448568,Maher_AlMuaiqly,Al-Kalam,29
68006,0.27114442,1710.080978,1623.694614,3421.000819,0.097346775,0.099352109,Maher_AlMuaiqly,Al-Kalam,29
68007,0.2800344,1826.757135,1598.54308,3586.768039,0.10699903,0.112264765,Maher_AlMuaiqly,Al-Kalam,29
68008,0.31362313,2067.238166,1715.681331,3805.117301,0.10271004,0.130541424,Maher_AlMuaiqly,Al-Kalam,29
68009,0.26792598,1535.871569,1574.195686,3172.219106,0.10772622,0.081886085,Maher_AlMuaiqly,Al-Kalam,29
68010,0.28979772,1794.299739,1591.80606,3449.104511,0.1104359,0.106832252,Maher_AlMuaiqly,Al-Kalam,29
68011,0.25806713,1813.69327,1672.556811,3585.857689,0.11609155,0.110250841,Maher_AlMuaiqly,Al-Kalam,29
68012,0.2610447,1948.281585,1689.267695,3663.868065,0.116144374,0.119292665,Maher_AlMuaiqly,Al-Kalam,29
68013,0.3046914,1941.000579,1720.758965,3786.746508,0.10769254,0.123408069,Maher_AlMuaiqly,Al-Kalam,29
68014,0.2565911,1866.056945,1671.84546,3651.334588,0.1154848,0.121538948,Maher_AlMuaiqly,Al-Kalam,29
68015,0.3120716,2082.534707,1683.607036,3830.648265,0.11061008,0.141464105,Maher_AlMuaiqly,Al-Kalam,29
68016,0.2834058,1643.81584,1630.882217,3357.917396,0.10744303,0.093699488,Maher_AlMuaiqly,Al-Kalam,29
68017,0.30350363,2016.73759,1722.709962,3842.82138,0.103233375,0.13076661,Maher_AlMuaiqly,Al-Kalam,29
68018,0.28964075,1810.681801,1731.802818,3575.761414,0.09859352,0.107775007,Maher_AlMuaiqly,Al-Kalam,29
68019,0.29874802,1768.845377,1580.568302,3532.591567,0.10362783,0.105719389,Maher_AlMuaiqly,Al-Kalam,29
68020,0.34855166,2557.029164,1976.8933,4506.784058,0.09748214,0.181256975,Maher_AlMuaiqly,Al-Kalam,29
68021,0.30807266,2225.276748,1831.902571,4049.867335,0.10233086,0.151675818,Maher_AlMuaiqly,Al-Kalam,29
68022,0.28651622,1850.887472,1657.152978,3610.656738,0.105789796,0.109654018,Maher_AlMuaiqly,Al-Kalam,29
68023,0.283453,1595.212245,1556.391923,3300.322266,0.10187965,0.095371686,Maher_AlMuaiqly,Al-Kalam,29
68024,0.27001727,2008.78233,1704.076707,3776.092348,0.10903819,0.114559967,Maher_AlMuaiqly,Al-Kalam,29
68025,0.28311536,1818.37658,1626.528426,3585.020438,0.11416037,0.10633713,Maher_AlMuaiqly,Al-Kalam,29
68026,0.25121254,1494.20454,1507.560565,3191.568013,0.11319686,0.081470514,Maher_AlMuaiqly,Al-Kalam,29
68027,0.30055252,1565.365469,1596.526367,3196.001469,0.10098444,0.083948538,Maher_AlMuaiqly,Al-Kalam,29
68028,0.29994363,1839.703002,1642.888195,3624.111257,0.101586334,0.111247535,Maher_AlMuaiqly,Al-Kalam,29
68029,0.281957,1867.008453,1635.963825,3608.300974,0.11330516,0.117224169,Maher_AlMuaiqly,Al-Kalam,29
68030,0.29572615,1782.5367,1572.191248,3583.674784,0.11590111,0.11009963,Maher_AlMuaiqly,Al-Kalam,29
68031,0.30586708,1928.198551,1608.22008,3681.748976,0.10949636,0.130323562,Maher_AlMuaiqly,Al-Kalam,29
68032,0.3086185,1935.385031,1623.002137,3702.57362,0.11105321,0.130412357,Maher_AlMuaiqly,Al-Kalam,29
68033,0.3027836,1872.263249,1604.232787,3631.828039,0.10451338,0.117612951,Maher_AlMuaiqly,Al-Kalam,29
68034,0.30426255,2028.726882,1706.883884,3761.074693,0.10776946,0.12821633,Maher_AlMuaiqly,Al-Kalam,29
68035,0.29935086,2268.026525,1836.65575,4131.61875,0.10984689,0.148148438,Maher_AlMuaiqly,Al-Kalam,29
68036,0.31147507,1713.87996,1609.28014,3342.810952,0.09631179,0.109680672,Maher_AlMuaiqly,Al-Kalam,29
68037,0.29835698,1901.517283,1759.446408,3716.893123,0.09891241,0.107666016,Maher_AlMuaiqly,Al-Kalam,29
68038,0.27303675,1811.935477,1635.16133,3451.089701,0.108478084,0.106888934,Maher_AlMuaiqly,Al-Kalam,29
68039,0.3043782,1881.440945,1618.569718,3591.18457,0.10624935,0.119023438,Maher_AlMuaiqly,Al-Kalam,29
68040,0.268208,1963.750758,1782.484492,3840.677108,0.10758895,0.115640061,Maher_AlMuaiqly,Al-Kalam,29
68041,0.30788022,1992.143497,1678.872829,3786.722073,0.10709874,0.129977194,Maher_AlMuaiqly,Al-Kalam,29
68042,0.30457368,2001.063588,1735.979038,3877.627671,0.10617303,0.125900122,Maher_AlMuaiqly,Al-Kalam,29
68043,0.29262304,2020.345524,1749.951603,3876.035396,0.10294488,0.121112427,Maher_AlMuaiqly,Al-Kalam,29
68044,0.28316477,1961.161472,1708.164544,3737.511006,0.10443284,0.114303172,Maher_AlMuaiqly,Al-Kalam,29
68045,0.24635531,1864.830341,1696.12336,3486.481196,0.113760225,0.102653229,Maher_AlMuaiqly,Al-Kalam,29
68046,0.2556044,1695.829321,1641.548182,3407.760695,0.10339827,0.08772588,Maher_AlMuaiqly,Al-Kalam,29
68047,0.27079755,1615.808612,1587.023974,3257.657963,0.104214,0.091035054,Maher_AlMuaiqly,Al-Kalam,29
68048,0.31688616,1886.852117,1661.439003,3704.496484,0.09550745,0.11477648,Maher_AlMuaiqly,Al-Kalam,29
68049,0.28336808,1739.765102,1646.301777,3484.219083,0.106691964,0.094950728,Maher_AlMuaiqly,Al-Kalam,29
68050,0.28870058,1912.309725,1670.461612,3721.635874,0.09978071,0.111499683,Maher_AlMuaiqly,Al-Kalam,29
68051,0.2949592,1813.729403,1643.142542,3567.813779,0.10069819,0.105799493,Maher_AlMuaiqly,Al-Kalam,29
68052,0.28400376,1829.858535,1612.872767,3622.749855,0.1074675,0.096639175,Maher_AlMuaiqly,Al-Kalam,29
69001,0.32573166,1850.743057,1610.295741,3700.819336,0.10619644,0.133931362,Maher_AlMuaiqly,Al-Hakka,29
69002,0.36138195,1803.14324,1564.411623,3641.738892,0.099087395,0.14167713,Maher_AlMuaiqly,Al-Hakka,29
69003,0.3337542,1822.152391,1589.445935,3709.165383,0.10136503,0.129968853,Maher_AlMuaiqly,Al-Hakka,29
69004,0.31181118,1820.908139,1603.571799,3672.821045,0.104188986,0.11899821,Maher_AlMuaiqly,Al-Hakka,29
69005,0.2945769,1817.657016,1639.547428,3657.935952,0.10568164,0.10924602,Maher_AlMuaiqly,Al-Hakka,29
69006,0.3044262,1919.042039,1681.215353,3829.616843,0.10679097,0.123546645,Maher_AlMuaiqly,Al-Hakka,29
69007,0.3169119,1997.499192,1705.569672,3890.286355,0.1066402,0.128035334,Maher_AlMuaiqly,Al-Hakka,29
69008,0.3023057,1780.749331,1593.534755,3532.913485,0.1094218,0.105209813,Maher_AlMuaiqly,Al-Hakka,29
69009,0.31149817,1835.161439,1680.729005,3640.542106,0.10619755,0.110171499,Maher_AlMuaiqly,Al-Hakka,29
69010,0.30506977,2021.658162,1768.834667,3926.642923,0.10626763,0.122733322,Maher_AlMuaiqly,Al-Hakka,29
69011,0.2742736,1769.291004,1587.071045,3561.024315,0.11381028,0.107025257,Maher_AlMuaiqly,Al-Hakka,29
69012,0.31924668,1830.124031,1585.253667,3589.419321,0.1060164,0.116552734,Maher_AlMuaiqly,Al-Hakka,29
69013,0.29347447,1991.408644,1755.757103,3847.860352,0.10227178,0.125652902,Maher_AlMuaiqly,Al-Hakka,29
69014,0.35019252,1905.035749,1650.852273,3726.28129,0.09664676,0.121864249,Maher_AlMuaiqly,Al-Hakka,29
69015,0.2849822,1638.300933,1507.728301,3306.666457,0.11479006,0.094868322,Maher_AlMuaiqly,Al-Hakka,29
69016,0.3018392,1967.624101,1661.174568,3753.035188,0.10743049,0.12587256,Maher_AlMuaiqly,Al-Hakka,29
69017,0.32536575,1939.970928,1661.223136,3763.613353,0.11180361,0.123474121,Maher_AlMuaiqly,Al-Hakka,29
69018,0.27765757,1885.118409,1679.090256,3738.911333,0.1081076,0.113330301,Maher_AlMuaiqly,Al-Hakka,29
69019,0.29887474,1858.651991,1642.694691,3598.871155,0.11104754,0.112090047,Maher_AlMuaiqly,Al-Hakka,29
69020,0.29059455,1963.68677,1721.121753,3684.429932,0.113659315,0.122174944,Maher_AlMuaiqly,Al-Hakka,29
69021,0.33449098,2128.171758,1734.67378,3891.602427,0.10697212,0.133369918,Maher_AlMuaiqly,Al-Hakka,29
69022,0.2903266,2037.405866,1655.310538,3753.563017,0.11879889,0.126903887,Maher_AlMuaiqly,Al-Hakka,29
69023,0.34011698,2011.015147,1735.90417,3844.061279,0.099557176,0.126180013,Maher_AlMuaiqly,Al-Hakka,29
69024,0.31023943,2176.451848,1794.842014,4051.12404,0.10979244,0.139507286,Maher_AlMuaiqly,Al-Hakka,29
69025,0.31010386,2028.016378,1679.768602,3805.477808,0.11130267,0.128032862,Maher_AlMuaiqly,Al-Hakka,29
69026,0.37331125,2294.397996,1737.871526,4016.050049,0.112128355,0.165009766,Maher_AlMuaiqly,Al-Hakka,29
69027,0.31122062,2134.283253,1667.460829,3816.171455,0.11438913,0.145294189,Maher_AlMuaiqly,Al-Hakka,29
69028,0.29616365,1900.803429,1596.111288,3649.987793,0.117863536,0.119599011,Maher_AlMuaiqly,Al-Hakka,29
69029,0.31982297,2117.941199,1699.642033,3865.565882,0.114224754,0.136601724,Maher_AlMuaiqly,Al-Hakka,29
69030,0.28514782,1532.18475,1715.614003,3473.376265,0.103089534,0.068667553,Maher_AlMuaiqly,Al-Hakka,29
69031,0.30860364,1923.372168,1761.603644,3692.011796,0.104601756,0.110970565,Maher_AlMuaiqly,Al-Hakka,29
69032,0.31090942,2015.045574,1792.511183,3952.196071,0.1083035,0.121527398,Maher_AlMuaiqly,Al-Hakka,29
69033,0.30540574,1983.919569,1622.316855,3676.765335,0.11943441,0.122716955,Maher_AlMuaiqly,Al-Hakka,29
69034,0.30019444,2243.847074,1762.79097,3988.440738,0.116831675,0.1484375,Maher_AlMuaiqly,Al-Hakka,29
69035,0.31717813,2017.047493,1655.470821,3801.230012,0.11366356,0.120429828,Maher_AlMuaiqly,Al-Hakka,29
69036,0.28199524,2191.506175,1803.820592,4005.486955,0.11309433,0.13954683,Maher_AlMuaiqly,Al-Hakka,29
69037,0.28101522,1703.319168,1663.2956,3534.809875,0.11140081,0.091618856,Maher_AlMuaiqly,Al-Hakka,29
69038,0.3157658,2254.840935,1887.613527,4075.527411,0.11203322,0.149250187,Maher_AlMuaiqly,Al-Hakka,29
69039,0.2995162,1827.034819,1757.574866,3638.719815,0.10425419,0.102148438,Maher_AlMuaiqly,Al-Hakka,29
69040,0.2843424,1925.843977,1736.750262,3721.713158,0.112548955,0.112291562,Maher_AlMuaiqly,Al-Hakka,29
69041,0.29330647,1865.10878,1645.951927,3658.262134,0.109633885,0.115602144,Maher_AlMuaiqly,Al-Hakka,29
69042,0.28319594,1782.664553,1609.870112,3458.986538,0.110025816,0.104885697,Maher_AlMuaiqly,Al-Hakka,29
69043,0.26750818,1920.45968,1701.75448,3732.692733,0.11940472,0.105775845,Maher_AlMuaiqly,Al-Hakka,29
69044,0.3023465,1889.627533,1583.505332,3641.978521,0.115947984,0.118657651,Maher_AlMuaiqly,Al-Hakka,29
69045,0.29368445,2136.923097,1761.901815,3895.187557,0.11831493,0.133420458,Maher_AlMuaiqly,Al-Hakka,29
69046,0.30931655,1918.410587,1614.779781,3597.158708,0.11095364,0.109890221,Maher_AlMuaiqly,Al-Hakka,29
69047,0.2942043,1989.623294,1655.647606,3613.560736,0.112718344,0.121608753,Maher_AlMuaiqly,Al-Hakka,29
69048,0.28290483,1889.608533,1637.008172,3609.314031,0.11036339,0.107949747,Maher_AlMuaiqly,Al-Hakka,29
69049,0.27623314,1812.37049,1622.293515,3445.038773,0.11557773,0.100691456,Maher_AlMuaiqly,Al-Hakka,29
69050,0.27465016,2098.96648,1733.824775,3828.400585,0.11714524,0.125603321,Maher_AlMuaiqly,Al-Hakka,29
69051,0.2988869,1983.658488,1617.809833,3613.041255,0.11031749,0.126013414,Maher_AlMuaiqly,Al-Hakka,29
69052,0.34451348,2162.636613,1730.257231,3952.986934,0.09545233,0.129170836,Maher_AlMuaiqly,Al-Hakka,29
70001,0.34262824,2047.174294,1666.796792,3821.080757,0.10731675,0.150679822,Maher_AlMuaiqly,Al-Maarej,29
70002,0.34391728,2157.407438,1766.635863,3975.393972,0.09807816,0.149949597,Maher_AlMuaiqly,Al-Maarej,29
70003,0.3106334,1864.306184,1580.881891,3691.583041,0.11473758,0.123703529,Maher_AlMuaiqly,Al-Maarej,29
70004,0.3112168,1964.894556,1699.296542,3807.135565,0.10140822,0.128995028,Maher_AlMuaiqly,Al-Maarej,29
70005,0.3010841,2191.918118,1835.698234,4066.264542,0.106081784,0.136577219,Maher_AlMuaiqly,Al-Maarej,29
70006,0.27233133,1786.744556,1596.568267,3437.431792,0.11345321,0.109198816,Maher_AlMuaiqly,Al-Maarej,29
70007,0.29982433,1862.546983,1569.724441,3662.14954,0.10266622,0.118290071,Maher_AlMuaiqly,Al-Maarej,29
70008,0.3096066,1985.477842,1731.746812,3872.90866,0.10210456,0.137081023,Maher_AlMuaiqly,Al-Maarej,29
70009,0.3422091,1917.771382,1726.676057,3701.698489,0.098382376,0.119533075,Maher_AlMuaiqly,Al-Maarej,29
70010,0.32579014,2075.179851,1741.309012,3933.836772,0.10635307,0.132052123,Maher_AlMuaiqly,Al-Maarej,29
70011,0.29010493,2004.833993,1715.805003,3808.428561,0.109052785,0.119987981,Maher_AlMuaiqly,Al-Maarej,29
70012,0.30685583,2311.688004,1825.880891,4091.396845,0.10833502,0.152215676,Maher_AlMuaiqly,Al-Maarej,29
70013,0.32380593,2263.179089,1806.316495,4093.231201,0.10456477,0.14964774,Maher_AlMuaiqly,Al-Maarej,29
70014,0.2649772,1864.089422,1673.481004,3618.877542,0.11365336,0.107836493,Maher_AlMuaiqly,Al-Maarej,29
70015,0.30058733,1971.139037,1644.32771,3654.624496,0.12528591,0.132728495,Maher_AlMuaiqly,Al-Maarej,29
70016,0.37645012,2457.90951,1860.395258,4386.668663,0.112061314,0.167817735,Maher_AlMuaiqly,Al-Maarej,29
70017,0.3395865,1947.535519,1583.79572,3703.203079,0.11906984,0.126400354,Maher_AlMuaiqly,Al-Maarej,29
70018,0.3666266,1985.963244,1629.173939,3857.480093,0.10733862,0.130821815,Maher_AlMuaiqly,Al-Maarej,29
70019,0.30514178,1956.974848,1706.451551,3844.045898,0.112630114,0.123457031,Maher_AlMuaiqly,Al-Maarej,29
70020,0.36713195,2472.484884,1916.265803,4529.282092,0.10498432,0.170459432,Maher_AlMuaiqly,Al-Maarej,29
70021,0.31746724,2046.174455,1747.11938,3981.960297,0.10551311,0.133255005,Maher_AlMuaiqly,Al-Maarej,29
70022,0.25339353,2208.135699,1831.384811,4031.940643,0.11669209,0.135470538,Maher_AlMuaiqly,Al-Maarej,29
70023,0.30962348,2046.147256,1698.353154,3854.960984,0.11289176,0.13203078,Maher_AlMuaiqly,Al-Maarej,29
70024,0.29329777,1833.269457,1606.775658,3546.77244,0.109320775,0.108688421,Maher_AlMuaiqly,Al-Maarej,29
70025,0.33657435,1959.521809,1661.517325,3734.884005,0.10578022,0.131390239,Maher_AlMuaiqly,Al-Maarej,29
70026,0.2990943,2054.960394,1743.590277,3895.981603,0.10215271,0.12264995,Maher_AlMuaiqly,Al-Maarej,29
70027,0.26740804,1908.272088,1688.48539,3659.48194,0.11468302,0.106000587,Maher_AlMuaiqly,Al-Maarej,29
70028,0.2823124,1747.496182,1595.351508,3435.164669,0.11348168,0.099219311,Maher_AlMuaiqly,Al-Maarej,29
70029,0.2987933,1904.94322,1705.76291,3703.577191,0.10541902,0.110202955,Maher_AlMuaiqly,Al-Maarej,29
70030,0.31856194,2014.167903,1678.290273,3804.987981,0.11123237,0.127985491,Maher_AlMuaiqly,Al-Maarej,29
70031,0.29857564,1770.125671,1544.070404,3591.343506,0.113120295,0.110109049,Maher_AlMuaiqly,Al-Maarej,29
70032,0.2870978,1772.362137,1589.333999,3472.305544,0.11468088,0.104040932,Maher_AlMuaiqly,Al-Maarej,29
70033,0.28133658,1837.448932,1637.675554,3700.692685,0.110037684,0.108625212,Maher_AlMuaiqly,Al-Maarej,29
70034,0.29682884,1893.784816,1718.732533,3709.150905,0.11398727,0.1177169,Maher_AlMuaiqly,Al-Maarej,29
70035,0.30445883,1902.971592,1701.735819,3733.551131,0.10894402,0.121611496,Maher_AlMuaiqly,Al-Maarej,29
70036,0.30622303,1974.702361,1686.458406,3736.070891,0.11200736,0.127378666,Maher_AlMuaiqly,Al-Maarej,29
70037,0.30053362,2296.093484,1809.770037,4107.146421,0.11358982,0.145557348,Maher_AlMuaiqly,Al-Maarej,29
70038,0.28023702,1923.952602,1654.757712,3659.680983,0.11165046,0.119594708,Maher_AlMuaiqly,Al-Maarej,29
70039,0.29314893,1801.714611,1603.327066,3493.825047,0.119448476,0.111474419,Maher_AlMuaiqly,Al-Maarej,29
70040,0.29266608,1967.683811,1702.61495,3769.566016,0.11266977,0.121939184,Maher_AlMuaiqly,Al-Maarej,29
70041,0.29436478,1913.218382,1675.797505,3752.763253,0.110385336,0.116139882,Maher_AlMuaiqly,Al-Maarej,29
70042,0.2847014,1619.005445,1560.109861,3343.280514,0.10932881,0.08772073,Maher_AlMuaiqly,Al-Maarej,29
70043,0.30215538,1979.056428,1725.304408,3834.595115,0.11259147,0.116826146,Maher_AlMuaiqly,Al-Maarej,29
70044,0.31325036,1919.790372,1694.276719,3772.071222,0.10892534,0.111733295,Maher_AlMuaiqly,Al-Maarej,29
71001,0.29901284,1813.780109,1638.638983,3661.119797,0.10550068,0.114247035,Maher_AlMuaiqly,Nouh,29
71002,0.25877708,1697.806575,1601.715968,3395.870341,0.1161141,0.092266061,Maher_AlMuaiqly,Nouh,29
71003,0.30077446,1661.580263,1586.902231,3461.042924,0.103869386,0.093661222,Maher_AlMuaiqly,Nouh,29
71004,0.29188067,1760.399865,1636.775238,3545.381521,0.10459868,0.106303087,Maher_AlMuaiqly,Nouh,29
71005,0.27745643,1731.857296,1592.070082,3462.128906,0.10804474,0.102701823,Maher_AlMuaiqly,Nouh,29
71006,0.2759329,1922.488169,1652.646965,3778.06525,0.11300783,0.118887306,Maher_AlMuaiqly,Nouh,29
71007,0.2973471,1992.076024,1743.208779,3844.244385,0.10572435,0.124305777,Maher_AlMuaiqly,Nouh,29
71008,0.26998526,1727.663448,1579.801514,3391.054495,0.11443406,0.099423057,Maher_AlMuaiqly,Nouh,29
71009,0.27010798,1847.766722,1712.854581,3657.004026,0.11407555,0.105405519,Maher_AlMuaiqly,Nouh,29
71010,0.27444762,1620.684082,1581.105455,3412.778639,0.10146771,0.089977497,Maher_AlMuaiqly,Nouh,29
71011,0.29050952,1821.872996,1642.21164,3687.625894,0.113364026,0.114122506,Maher_AlMuaiqly,Nouh,29
71012,0.28864294,1739.64223,1591.374761,3420.559149,0.113134235,0.098301718,Maher_AlMuaiqly,Nouh,29
71013,0.28849164,1752.06773,1580.53934,3499.091943,0.11482645,0.101280706,Maher_AlMuaiqly,Nouh,29
71014,0.31719312,1598.122079,1506.844951,3431.903187,0.101581,0.092356179,Maher_AlMuaiqly,Nouh,29
71015,0.28480038,1906.156632,1713.062557,3817.792969,0.11216859,0.113293208,Maher_AlMuaiqly,Nouh,29
71016,0.30884904,2042.928743,1689.629273,3829.640945,0.114271246,0.127528388,Maher_AlMuaiqly,Nouh,29
71017,0.27050367,1758.566524,1589.233214,3569.889408,0.11223159,0.10512363,Maher_AlMuaiqly,Nouh,29
71018,0.31563103,1879.751933,1643.898074,3642.737386,0.105913945,0.111196567,Maher_AlMuaiqly,Nouh,29
71019,0.3102442,1943.629682,1685.381436,3840.568091,0.10603881,0.11713936,Maher_AlMuaiqly,Nouh,29
71020,0.31169733,1941.285072,1749.990006,3835.464943,0.099188834,0.121457892,Maher_AlMuaiqly,Nouh,29
71021,0.28035644,1712.668057,1599.9728,3465.742484,0.10741659,0.096697292,Maher_AlMuaiqly,Nouh,29
71022,0.28219035,1544.86079,1501.723187,3381.900929,0.10312569,0.084691541,Maher_AlMuaiqly,Nouh,29
71023,0.29113567,1798.14216,1600.421981,3613.150737,0.10836098,0.107927269,Maher_AlMuaiqly,Nouh,29
71024,0.28665537,1823.923084,1594.319822,3646.026799,0.111040145,0.108244441,Maher_AlMuaiqly,Nouh,29
71025,0.264089,1840.318029,1663.71502,3644.811294,0.1134976,0.101621996,Maher_AlMuaiqly,Nouh,29
71026,0.33533707,1931.349316,1556.535265,3651.302305,0.110764064,0.120489573,Maher_AlMuaiqly,Nouh,29
71027,0.27942404,1750.999552,1562.978018,3489.847079,0.11145142,0.101473722,Maher_AlMuaiqly,Nouh,29
71028,0.28010255,1815.169926,1607.965851,3587.987955,0.106983505,0.104183885,Maher_AlMuaiqly,Nouh,29
72001,0.31283304,2040.776242,1691.266145,3830.252406,0.10071806,0.13773713,Maher_AlMuaiqly,Al-Jen,29
72002,0.3196064,2126.147623,1680.625496,3880.361744,0.10125578,0.146509605,Maher_AlMuaiqly,Al-Jen,29
72003,0.33129108,2007.724919,1638.154615,3812.920843,0.10151033,0.1379588,Maher_AlMuaiqly,Al-Jen,29
72004,0.31833872,2027.53762,1685.85911,3853.68591,0.10258517,0.139167517,Maher_AlMuaiqly,Al-Jen,29
72005,0.29749712,1952.280501,1650.059894,3777.224143,0.10540167,0.130159554,Maher_AlMuaiqly,Al-Jen,29
72006,0.30045238,2009.665611,1698.400849,3823.87716,0.10033363,0.131717316,Maher_AlMuaiqly,Al-Jen,29
72007,0.2992971,1899.953725,1644.082625,3677.316694,0.10523602,0.124176481,Maher_AlMuaiqly,Al-Jen,29
72008,0.33509436,2138.097833,1724.112762,3960.719321,0.10098577,0.15076314,Maher_AlMuaiqly,Al-Jen,29
72009,0.32123318,2220.573968,1761.2214,4035.010601,0.10308054,0.154638672,Maher_AlMuaiqly,Al-Jen,29
72010,0.30886233,2026.959756,1639.428684,3777.49673,0.11158086,0.132963688,Maher_AlMuaiqly,Al-Jen,29
72011,0.30026186,1995.27281,1633.614308,3776.027649,0.10772161,0.13462027,Maher_AlMuaiqly,Al-Jen,29
72012,0.28410167,1919.3069,1639.260128,3721.989927,0.10793155,0.124941909,Maher_AlMuaiqly,Al-Jen,29
72013,0.30138928,1954.532143,1645.339414,3750.045377,0.10763305,0.127796704,Maher_AlMuaiqly,Al-Jen,29
72014,0.3277815,2086.588379,1725.477627,3886.663998,0.106235445,0.144167433,Maher_AlMuaiqly,Al-Jen,29
72015,0.3311218,2138.457312,1701.080947,3914.87355,0.11075167,0.149598365,Maher_AlMuaiqly,Al-Jen,29
72016,0.33837143,2204.308071,1683.707298,4031.063125,0.10650013,0.15536499,Maher_AlMuaiqly,Al-Jen,29
72017,0.3127374,2178.866546,1756.259816,3977.053554,0.10350256,0.14814638,Maher_AlMuaiqly,Al-Jen,29
72018,0.34416997,2216.151712,1697.65434,4004.574855,0.11191413,0.15888899,Maher_AlMuaiqly,Al-Jen,29
72019,0.30635077,1913.925225,1605.422316,3640.539551,0.113718964,0.121792955,Maher_AlMuaiqly,Al-Jen,29
72020,0.31973368,2102.984493,1664.959788,3806.241568,0.10999682,0.151020251,Maher_AlMuaiqly,Al-Jen,29
72021,0.29665813,1945.770501,1614.467578,3638.603034,0.11191151,0.131674574,Maher_AlMuaiqly,Al-Jen,29
72022,0.28659514,2041.362641,1661.126002,3785.027112,0.11383579,0.129587274,Maher_AlMuaiqly,Al-Jen,29
72023,0.3105332,2030.431505,1669.131713,3772.396769,0.11214421,0.134363466,Maher_AlMuaiqly,Al-Jen,29
72024,0.3189992,2008.428532,1653.22573,3819.091341,0.11209759,0.13673244,Maher_AlMuaiqly,Al-Jen,29
72025,0.29930568,1974.612214,1657.855925,3720.841083,0.108349055,0.125081623,Maher_AlMuaiqly,Al-Jen,29
72026,0.29853037,2049.971812,1656.686795,3758.113333,0.114076056,0.130361704,Maher_AlMuaiqly,Al-Jen,29
72027,0.28814363,2091.978552,1804.103723,3940.946724,0.10789931,0.129702625,Maher_AlMuaiqly,Al-Jen,29
72028,0.31492576,2090.075983,1690.338977,3896.077629,0.100801714,0.137138602,Maher_AlMuaiqly,Al-Jen,29
73001,0.33485353,2205.740102,1811.202382,3919.123317,0.1151523,0.148841972,Maher_AlMuaiqly,Al-Mozamil,29
73002,0.31131074,2103.16753,1605.984977,3819.843892,0.112670824,0.145104862,Maher_AlMuaiqly,Al-Mozamil,29
73003,0.3134931,2307.804697,1881.719324,4358.227363,0.10218634,0.156415102,Maher_AlMuaiqly,Al-Mozamil,29
73004,0.34499288,2092.818281,1710.419059,3896.80481,0.104625404,0.139724005,Maher_AlMuaiqly,Al-Mozamil,29
73005,0.3270032,2111.815164,1694.321611,3891.637074,0.10671531,0.144599139,Maher_AlMuaiqly,Al-Mozamil,29
73006,0.30277926,2078.151641,1658.666488,3789.575702,0.110533305,0.136307459,Maher_AlMuaiqly,Al-Mozamil,29
73007,0.29978,2027.868256,1683.402862,3730.434195,0.109929904,0.13442508,Maher_AlMuaiqly,Al-Mozamil,29
73008,0.3491516,2270.748585,1813.247856,4096.447199,0.102036685,0.149563876,Maher_AlMuaiqly,Al-Mozamil,29
73009,0.3206141,2020.202186,1639.722743,3761.132813,0.10644557,0.132375617,Maher_AlMuaiqly,Al-Mozamil,29
73010,0.29360938,1998.587491,1675.032226,3739.210251,0.10803248,0.12608942,Maher_AlMuaiqly,Al-Mozamil,29
73011,0.2873061,1922.509904,1607.700263,3593.673424,0.11150681,0.120663546,Maher_AlMuaiqly,Al-Mozamil,29
73012,0.34266686,2118.518603,1628.659144,3754.467773,0.11685922,0.151464844,Maher_AlMuaiqly,Al-Mozamil,29
73013,0.32948712,2246.746147,1750.408313,4047.865356,0.114308685,0.154274902,Maher_AlMuaiqly,Al-Mozamil,29
73014,0.32550102,2102.267588,1673.214927,3815.228084,0.11006678,0.138097206,Maher_AlMuaiqly,Al-Mozamil,29
73015,0.33752903,2200.134037,1699.78214,3937.414089,0.11431849,0.158107228,Maher_AlMuaiqly,Al-Mozamil,29
73016,0.31362882,2012.355501,1738.565956,3822.484578,0.10733505,0.126248321,Maher_AlMuaiqly,Al-Mozamil,29
73017,0.31494913,2111.637754,1685.761145,3823.261625,0.10999038,0.141139573,Maher_AlMuaiqly,Al-Mozamil,29
73018,0.3182624,2076.454584,1711.825223,3896.321727,0.1066685,0.138035426,Maher_AlMuaiqly,Al-Mozamil,29
73019,0.32201338,2168.469621,1687.914278,3869.556726,0.11001388,0.147765734,Maher_AlMuaiqly,Al-Mozamil,29
73020,0.30319893,2026.314913,1717.02527,3858.538249,0.10547441,0.127766927,Maher_AlMuaiqly,Al-Mozamil,29
74001,0.3552425,2176.604033,1808.465953,3894.587402,0.10172849,0.143512835,Maher_AlMuaiqly,Al-Modather,29
74002,0.3232489,1878.522703,1726.234035,3798.032433,0.08821109,0.119560134,Maher_AlMuaiqly,Al-Modather,29
74003,0.35168406,1939.68371,1756.692337,3688.887356,0.0741364,0.122558594,Maher_AlMuaiqly,Al-Modather,29
74004,0.36573282,2097.342505,1778.371908,3858.99846,0.08313744,0.141138321,Maher_AlMuaiqly,Al-Modather,29
74005,0.3543252,2063.875317,1870.393588,4088.823993,0.07998187,0.129371995,Maher_AlMuaiqly,Al-Modather,29
74006,0.36078987,2284.291769,1886.087693,4310.897188,0.087038435,0.149800145,Maher_AlMuaiqly,Al-Modather,29
74007,0.3392604,2433.147483,1960.984313,4504.073181,0.07708439,0.163098145,Maher_AlMuaiqly,Al-Modather,29
74008,0.3029389,1808.357357,1667.685022,3531.781769,0.10620199,0.116764069,Maher_AlMuaiqly,Al-Modather,29
74009,0.30011156,2175.455731,1798.993199,3984.406167,0.108599074,0.136663342,Maher_AlMuaiqly,Al-Modather,29
74010,0.3165798,2180.240137,1692.489071,3952.961811,0.109500654,0.145305892,Maher_AlMuaiqly,Al-Modather,29
74011,0.30856898,1942.64471,1642.641231,3710.350342,0.097743124,0.127526855,Maher_AlMuaiqly,Al-Modather,29
74012,0.31106356,1909.33074,1610.488257,3675.284011,0.10788403,0.121072673,Maher_AlMuaiqly,Al-Modather,29
74013,0.31375214,2139.801963,1811.340401,4097.181286,0.104331106,0.138595779,Maher_AlMuaiqly,Al-Modather,29
74014,0.29606795,1915.412485,1660.482391,3728.142841,0.10106035,0.11327186,Maher_AlMuaiqly,Al-Modather,29
74015,0.28285575,1919.381516,1683.52803,3771.741662,0.10790323,0.108291123,Maher_AlMuaiqly,Al-Modather,29
74016,0.29928648,1909.254827,1571.672917,3680.893644,0.110493094,0.127636271,Maher_AlMuaiqly,Al-Modather,29
74017,0.34187803,2063.113463,1847.833187,3969.929328,0.10236819,0.132869038,Maher_AlMuaiqly,Al-Modather,29
74018,0.302669,1803.945209,1594.844039,3501.678826,0.09284118,0.112927007,Maher_AlMuaiqly,Al-Modather,29
74019,0.32099253,1897.036528,1623.562031,3689.029208,0.08168528,0.122495181,Maher_AlMuaiqly,Al-Modather,29
74020,0.3268753,1957.771377,1728.069392,3753.743968,0.09157034,0.116852405,Maher_AlMuaiqly,Al-Modather,29
74021,0.31231374,1846.884484,1687.60032,3614.124687,0.0945308,0.11328125,Maher_AlMuaiqly,Al-Modather,29
74022,0.31228912,2131.477726,1857.834499,4037.344286,0.103272624,0.130615234,Maher_AlMuaiqly,Al-Modather,29
74023,0.32883066,2138.081715,1818.969433,3984.698127,0.10186595,0.138724533,Maher_AlMuaiqly,Al-Modather,29
74024,0.2965826,1986.26954,1695.970832,3863.825684,0.10201115,0.128734189,Maher_AlMuaiqly,Al-Modather,29
74025,0.3197735,2012.430745,1597.726912,3748.06078,0.11204945,0.137472191,Maher_AlMuaiqly,Al-Modather,29
74026,0.3789221,2971.548264,2234.011095,5136.293096,0.08655572,0.209451427,Maher_AlMuaiqly,Al-Modather,29
74027,0.36108357,2178.385459,1764.912721,3874.059222,0.108663484,0.161196356,Maher_AlMuaiqly,Al-Modather,29
74028,0.35888046,2157.899694,1704.982103,3825.273381,0.10268382,0.158674373,Maher_AlMuaiqly,Al-Modather,29
74029,0.3303191,2122.510395,1710.31509,3840.000357,0.103777796,0.146674924,Maher_AlMuaiqly,Al-Modather,29
74030,0.3755735,2323.363833,1798.292537,4143.621611,0.1034797,0.15603171,Maher_AlMuaiqly,Al-Modather,29
74031,0.305311,2028.716535,1669.98739,3782.556728,0.10856865,0.131790131,Maher_AlMuaiqly,Al-Modather,29
74032,0.3182855,2019.431444,1617.601411,3724.028557,0.10548033,0.13999496,Maher_AlMuaiqly,Al-Modather,29
74033,0.32241812,2047.918792,1710.956638,3786.727102,0.1034322,0.127460681,Maher_AlMuaiqly,Al-Modather,29
74034,0.35354233,2512.363614,1988.32173,4508.372738,0.09647394,0.18644634,Maher_AlMuaiqly,Al-Modather,29
74035,0.29435226,1870.029456,1582.158211,3524.650855,0.108237535,0.117391346,Maher_AlMuaiqly,Al-Modather,29
74036,0.3076589,2109.146588,1745.093644,3907.548894,0.10076207,0.125131968,Maher_AlMuaiqly,Al-Modather,29
74037,0.32033,1969.027128,1656.267994,3689.641434,0.10344894,0.13286697,Maher_AlMuaiqly,Al-Modather,29
74038,0.3386105,2243.044155,1876.95441,4163.328429,0.104067825,0.146946263,Maher_AlMuaiqly,Al-Modather,29
74039,0.30410615,2212.213569,1723.733041,4011.40225,0.113250345,0.14809335,Maher_AlMuaiqly,Al-Modather,29
74040,0.28916517,2146.838677,1838.215768,3955.512498,0.110769205,0.133024183,Maher_AlMuaiqly,Al-Modather,29
74041,0.27177596,2147.02659,1781.244715,3861.48306,0.12145914,0.142484225,Maher_AlMuaiqly,Al-Modather,29
74042,0.3315322,2356.223607,1959.349699,4277.892689,0.09423352,0.159637766,Maher_AlMuaiqly,Al-Modather,29
74043,0.28359413,2010.762952,1708.146023,3762.927246,0.11233171,0.129217618,Maher_AlMuaiqly,Al-Modather,29
74044,0.30337745,2151.863822,1786.083507,3966.122381,0.11171664,0.127379261,Maher_AlMuaiqly,Al-Modather,29
74045,0.26704335,1850.451534,1643.329339,3548.299835,0.11493184,0.114781884,Maher_AlMuaiqly,Al-Modather,29
74046,0.28327286,1932.439574,1686.837619,3584.153451,0.108645655,0.119479507,Maher_AlMuaiqly,Al-Modather,29
74047,0.35029924,2152.52773,1679.019978,3805.781154,0.11488625,0.158649645,Maher_AlMuaiqly,Al-Modather,29
74048,0.33934474,2169.962871,1709.67078,3870.894192,0.10585863,0.150639315,Maher_AlMuaiqly,Al-Modather,29
74049,0.32079643,2018.680949,1627.228509,3705.452594,0.10579548,0.135372386,Maher_AlMuaiqly,Al-Modather,29
74050,0.28423312,1953.674487,1742.92831,3785.187922,0.1070278,0.118652344,Maher_AlMuaiqly,Al-Modather,29
74051,0.30955392,2063.362574,1878.317642,3972.62559,0.10056214,0.132227698,Maher_AlMuaiqly,Al-Modather,29
74052,0.2935589,1968.161208,1707.573491,3686.701517,0.108668365,0.118990858,Maher_AlMuaiqly,Al-Modather,29
74053,0.32675233,2041.767455,1696.778786,3777.038019,0.109847195,0.129216974,Maher_AlMuaiqly,Al-Modather,29
74054,0.2965521,2009.684844,1639.222055,3617.706299,0.120536916,0.126691546,Maher_AlMuaiqly,Al-Modather,29
74055,0.310865,2061.3176,1683.070851,3850.637923,0.11337263,0.14000202,Maher_AlMuaiqly,Al-Modather,29
74056,0.30240303,1902.242151,1625.016882,3722.609759,0.1015307,0.120480801,Maher_AlMuaiqly,Al-Modather,29
75001,0.32993665,2158.324413,1739.554395,3986.998402,0.11069713,0.149236506,Maher_AlMuaiqly,Al-Keiama,29
75002,0.32984924,2174.759183,1828.420079,4051.336039,0.10832686,0.145364696,Maher_AlMuaiqly,Al-Keiama,29
75003,0.30870923,2164.470871,1808.809815,3996.781482,0.10651531,0.139849819,Maher_AlMuaiqly,Al-Keiama,29
75004,0.31048512,2082.234061,1708.404452,3865.264064,0.11363552,0.141228604,Maher_AlMuaiqly,Al-Keiama,29
75005,0.29372433,2153.853631,1805.273643,4006.339738,0.11134778,0.140001452,Maher_AlMuaiqly,Al-Keiama,29
75006,0.33124092,2278.670375,1766.993543,4081.946332,0.106543444,0.160682745,Maher_AlMuaiqly,Al-Keiama,29
75007,0.35061347,2336.377052,1811.246885,4120.120626,0.10842645,0.16487401,Maher_AlMuaiqly,Al-Keiama,29
75008,0.3600677,2483.721621,2116.444391,4502.162109,0.09363781,0.168623047,Maher_AlMuaiqly,Al-Keiama,29
75009,0.34645718,2337.042206,1888.561599,4365.30004,0.09723969,0.159174075,Maher_AlMuaiqly,Al-Keiama,29
75010,0.2686719,1923.331207,1705.007352,3754.761565,0.10976978,0.117234134,Maher_AlMuaiqly,Al-Keiama,29
75011,0.31375226,2132.248832,1714.021087,4002.239435,0.12164862,0.134463778,Maher_AlMuaiqly,Al-Keiama,29
75012,0.34526423,2204.255645,1750.872311,4008.475224,0.09956993,0.143310547,Maher_AlMuaiqly,Al-Keiama,29
75013,0.290401,1904.988401,1698.1789,3781.359668,0.10180582,0.120537109,Maher_AlMuaiqly,Al-Keiama,29
75014,0.31717274,2458.683997,2004.553351,4431.698843,0.10416981,0.159642929,Maher_AlMuaiqly,Al-Keiama,29
75015,0.35481346,1921.51167,1594.220419,3679.037476,0.1065233,0.128407796,Maher_AlMuaiqly,Al-Keiama,29
75016,0.3643515,2323.807317,1764.271511,4032.319749,0.10295394,0.164423553,Maher_AlMuaiqly,Al-Keiama,29
75017,0.31156564,1930.607187,1588.06236,3658.506483,0.112592414,0.125976563,Maher_AlMuaiqly,Al-Keiama,29
75018,0.36584857,1944.894647,1609.13185,3664.874268,0.09862605,0.132299805,Maher_AlMuaiqly,Al-Keiama,29
75019,0.29352427,1952.353239,1608.828462,3573.004395,0.12124247,0.121236979,Maher_AlMuaiqly,Al-Keiama,29
75020,0.31219357,2036.781082,1677.419929,3801.515954,0.10969838,0.127350139,Maher_AlMuaiqly,Al-Keiama,29
75021,0.35198414,1969.496339,1623.777739,3737.115009,0.10640383,0.125832582,Maher_AlMuaiqly,Al-Keiama,29
75022,0.28825954,2027.613708,1758.350522,3776.64598,0.11548476,0.129296087,Maher_AlMuaiqly,Al-Keiama,29
75023,0.31771582,1972.251014,1619.772306,3710.888672,0.10739917,0.121845815,Maher_AlMuaiqly,Al-Keiama,29
75024,0.2898767,2037.421956,1799.867697,3890.428377,0.11025906,0.125081926,Maher_AlMuaiqly,Al-Keiama,29
75025,0.325833,2090.638755,1720.590202,3751.945313,0.11250179,0.141083984,Maher_AlMuaiqly,Al-Keiama,29
75026,0.3367507,2208.963201,1714.601913,3864.254345,0.11816676,0.161814673,Maher_AlMuaiqly,Al-Keiama,29
75027,0.31504446,1913.365273,1627.454743,3677.159403,0.0982329,0.118995796,Maher_AlMuaiqly,Al-Keiama,29
75028,0.2766243,1799.551976,1635.97225,3564.050553,0.11217613,0.105281749,Maher_AlMuaiqly,Al-Keiama,29
75029,0.396769,2506.370735,1930.393938,4404.581968,0.0927427,0.186023343,Maher_AlMuaiqly,Al-Keiama,29
75030,0.33273524,2268.551696,1770.000575,3994.248484,0.10428572,0.155666978,Maher_AlMuaiqly,Al-Keiama,29
75031,0.34872174,2437.4576,1962.358628,4428.622671,0.106835,0.164126889,Maher_AlMuaiqly,Al-Keiama,29
75032,0.31222785,1997.95568,1729.558385,3795.374538,0.10563876,0.126959814,Maher_AlMuaiqly,Al-Keiama,29
75033,0.3347489,2184.336735,1764.648907,3832.141113,0.113638885,0.145354889,Maher_AlMuaiqly,Al-Keiama,29
75034,0.3360788,1984.344675,1725.045552,3684.832513,0.113490485,0.122197399,Maher_AlMuaiqly,Al-Keiama,29
75035,0.29977775,1861.930065,1626.629822,3533.691582,0.11410616,0.108075259,Maher_AlMuaiqly,Al-Keiama,29
75036,0.32587948,2325.27431,1902.49008,4191.724737,0.10737392,0.148913513,Maher_AlMuaiqly,Al-Keiama,29
75037,0.2738882,2075.194217,1725.597083,3712.543419,0.11432129,0.130198587,Maher_AlMuaiqly,Al-Keiama,29
75038,0.3234115,2013.312468,1776.159991,3867.871368,0.10106393,0.123271814,Maher_AlMuaiqly,Al-Keiama,29
75039,0.3081709,2034.181925,1716.326667,3909.494019,0.10318217,0.122927711,Maher_AlMuaiqly,Al-Keiama,29
75040,0.32804033,2063.392892,1655.40609,3828.660182,0.10416746,0.138043855,Maher_AlMuaiqly,Al-Keiama,29
76001,0.3109208,2199.210555,1765.712561,3954.191668,0.10516506,0.146964267,Maher_AlMuaiqly,Al-Ensan,29
76002,0.30862632,2274.874976,1785.001543,4085.739662,0.102430515,0.157992659,Maher_AlMuaiqly,Al-Ensan,29
76003,0.33336994,2202.854189,1750.17662,3953.878709,0.10665785,0.155172553,Maher_AlMuaiqly,Al-Ensan,29
76004,0.3122685,2140.092274,1677.388418,3904.723389,0.10886027,0.150224609,Maher_AlMuaiqly,Al-Ensan,29
76005,0.3173467,2143.305078,1768.940722,4024.747782,0.10636138,0.141185888,Maher_AlMuaiqly,Al-Ensan,29
76006,0.3206836,2208.376432,1726.912267,3935.051205,0.10076892,0.152810615,Maher_AlMuaiqly,Al-Ensan,29
76007,0.32184917,2105.969231,1781.282845,3942.584866,0.09885284,0.136501939,Maher_AlMuaiqly,Al-Ensan,29
76008,0.30452177,2156.808135,1712.582111,3910.152366,0.105588615,0.139112068,Maher_AlMuaiqly,Al-Ensan,29
76009,0.317378,2162.255439,1746.990083,3866.373187,0.11232686,0.147251148,Maher_AlMuaiqly,Al-Ensan,29
76010,0.3455019,2136.434902,1661.014881,3852.252752,0.10292053,0.14851571,Maher_AlMuaiqly,Al-Ensan,29
76011,0.32837626,2052.556366,1651.477845,3810.463183,0.10480464,0.134700761,Maher_AlMuaiqly,Al-Ensan,29
76012,0.3308063,2208.570576,1761.997104,3956.094231,0.10628774,0.151408451,Maher_AlMuaiqly,Al-Ensan,29
76013,0.36596942,1981.348727,1569.8527,3675.566663,0.07445784,0.135884144,Maher_AlMuaiqly,Al-Ensan,29
76014,0.3592815,2143.760575,1687.254648,3782.427751,0.109611556,0.144280018,Maher_AlMuaiqly,Al-Ensan,29
76015,0.3098802,2062.685171,1679.373025,3770.782637,0.10659615,0.134787753,Maher_AlMuaiqly,Al-Ensan,29
76016,0.3035257,2028.96343,1741.410024,3799.940659,0.10546249,0.129674884,Maher_AlMuaiqly,Al-Ensan,29
76017,0.34090474,2286.426485,1841.110351,4078.740051,0.10512741,0.157022261,Maher_AlMuaiqly,Al-Ensan,29
76018,0.34141645,2393.089711,1866.117122,4178.779268,0.10676404,0.166850615,Maher_AlMuaiqly,Al-Ensan,29
76019,0.2967048,2023.536274,1767.505329,3796.007835,0.107543215,0.126938216,Maher_AlMuaiqly,Al-Ensan,29
76020,0.31138965,2122.412974,1699.380292,3769.261813,0.1105113,0.146700082,Maher_AlMuaiqly,Al-Ensan,29
76021,0.30400586,2114.593953,1830.450167,4014.921412,0.09879922,0.136697703,Maher_AlMuaiqly,Al-Ensan,29
76022,0.34123483,2227.418953,1775.155043,3938.708496,0.11150212,0.15595728,Maher_AlMuaiqly,Al-Ensan,29
76023,0.35329336,2259.127181,1731.282624,4028.26186,0.10942103,0.165393536,Maher_AlMuaiqly,Al-Ensan,29
76024,0.31967455,2159.719101,1738.033544,3943.453881,0.096937306,0.146934404,Maher_AlMuaiqly,Al-Ensan,29
76025,0.3359849,2207.392509,1845.113425,4058.746189,0.093206495,0.148702482,Maher_AlMuaiqly,Al-Ensan,29
76026,0.3244586,2267.25736,1797.874879,4090.747302,0.10369688,0.153371223,Maher_AlMuaiqly,Al-Ensan,29
76027,0.3226407,2107.889213,1715.624543,3838.293457,0.1114997,0.139019832,Maher_AlMuaiqly,Al-Ensan,29
76028,0.35609677,2276.909015,1737.925165,4010.602148,0.1082796,0.162322917,Maher_AlMuaiqly,Al-Ensan,29
76029,0.3367839,2267.286045,1736.108581,3946.145104,0.109083824,0.158425071,Maher_AlMuaiqly,Al-Ensan,29
76030,0.33495343,2202.820987,1694.787315,3887.807449,0.113087684,0.156663075,Maher_AlMuaiqly,Al-Ensan,29
76031,0.35295916,2276.133762,1701.01318,3927.630395,0.10708838,0.16166297,Maher_AlMuaiqly,Al-Ensan,29
77001,0.37444153,2294.077316,1800.980522,4098.868123,0.109226346,0.169766041,Maher_AlMuaiqly,Al-Morssalat,29
77002,0.39684552,2577.389977,1918.805444,4449.327674,0.10296628,0.193783268,Maher_AlMuaiqly,Al-Morssalat,29
77003,0.3301005,2294.008421,1779.90533,4072.625373,0.105845906,0.161309934,Maher_AlMuaiqly,Al-Morssalat,29
77004,0.38027954,2087.443216,1667.642353,3781.117136,0.10383471,0.150822368,Maher_AlMuaiqly,Al-Morssalat,29
77005,0.33646312,2170.734407,1653.807609,3780.438443,0.10422188,0.155290275,Maher_AlMuaiqly,Al-Morssalat,29
77006,0.3016504,1898.102789,1681.3349,3730.417702,0.101407185,0.114429028,Maher_AlMuaiqly,Al-Morssalat,29
77007,0.32318157,2004.16508,1630.132193,3700.066857,0.11440443,0.141582782,Maher_AlMuaiqly,Al-Morssalat,29
77008,0.33102262,2247.726777,1851.806027,4193.254852,0.10484055,0.148147583,Maher_AlMuaiqly,Al-Morssalat,29
77009,0.3588303,2384.971607,1852.077172,4159.49707,0.10516609,0.181810462,Maher_AlMuaiqly,Al-Morssalat,29
77010,0.34892648,1981.858994,1628.239966,3848.162842,0.09146902,0.118460519,Maher_AlMuaiqly,Al-Morssalat,29
77011,0.3473459,2378.320937,2044.361314,4402.372576,0.091422915,0.163491858,Maher_AlMuaiqly,Al-Morssalat,29
77012,0.30551887,2284.782549,1707.602608,3944.502815,0.10756948,0.1561983,Maher_AlMuaiqly,Al-Morssalat,29
77013,0.33563748,2385.161145,1924.78419,4270.86238,0.090587676,0.164678486,Maher_AlMuaiqly,Al-Morssalat,29
77014,0.34817436,2212.75656,1752.561242,3977.362061,0.112300985,0.168413435,Maher_AlMuaiqly,Al-Morssalat,29
77015,0.29107237,2174.346444,1783.719381,3915.74707,0.113766186,0.133805671,Maher_AlMuaiqly,Al-Morssalat,29
77016,0.2950823,2121.559107,1771.113252,3892.969632,0.11267746,0.135395096,Maher_AlMuaiqly,Al-Morssalat,29
77017,0.29682434,2035.941976,1667.524564,3712.144775,0.10969465,0.131583659,Maher_AlMuaiqly,Al-Morssalat,29
77018,0.29638344,2131.457906,1732.021681,3811.043105,0.111814976,0.14003452,Maher_AlMuaiqly,Al-Morssalat,29
77019,0.28644863,2147.747817,1783.120616,3861.452489,0.11258808,0.131347656,Maher_AlMuaiqly,Al-Morssalat,29
77020,0.29371813,2047.839332,1690.07341,3620.379639,0.1141628,0.14337781,Maher_AlMuaiqly,Al-Morssalat,29
77021,0.32557115,2086.326888,1661.290484,3747.06638,0.11532463,0.143253198,Maher_AlMuaiqly,Al-Morssalat,29
77022,0.30588698,1900.071027,1576.290489,3608.671209,0.11630423,0.125266335,Maher_AlMuaiqly,Al-Morssalat,29
77023,0.3101769,1934.546093,1638.013812,3636.660394,0.107105784,0.127159553,Maher_AlMuaiqly,Al-Morssalat,29
77024,0.29625273,2264.156984,1852.169118,3964.94652,0.114378184,0.144240921,Maher_AlMuaiqly,Al-Morssalat,29
77025,0.37295234,2267.078231,1709.647567,3981.833065,0.11410534,0.166885504,Maher_AlMuaiqly,Al-Morssalat,29
77026,0.3653459,2122.344169,1598.622097,3766.311035,0.11604945,0.161600167,Maher_AlMuaiqly,Al-Morssalat,29
77027,0.35654122,2294.725139,1824.059982,4127.682977,0.10533916,0.159898036,Maher_AlMuaiqly,Al-Morssalat,29
77028,0.29954112,2221.927243,1804.707289,3898.763411,0.11162959,0.143534621,Maher_AlMuaiqly,Al-Morssalat,29
77029,0.28905293,1952.770787,1755.07027,3743.689862,0.10586521,0.118761848,Maher_AlMuaiqly,Al-Morssalat,29
77030,0.3049965,2080.627844,1796.279033,3879.35336,0.113537945,0.132273171,Maher_AlMuaiqly,Al-Morssalat,29
77031,0.33495343,2241.468583,1737.605385,3882.362271,0.12041818,0.161590787,Maher_AlMuaiqly,Al-Morssalat,29
77032,0.33285215,2275.496657,1821.028234,4097.419368,0.10780762,0.149625211,Maher_AlMuaiqly,Al-Morssalat,29
77033,0.33535782,2287.804946,1878.345067,4212.308631,0.10270697,0.15383113,Maher_AlMuaiqly,Al-Morssalat,29
77034,0.30032066,2242.557625,1812.183893,3918.237305,0.11052375,0.146142246,Maher_AlMuaiqly,Al-Morssalat,29
77035,0.33777383,2156.036338,1735.888065,3927.24215,0.11834698,0.15068735,Maher_AlMuaiqly,Al-Morssalat,29
77036,0.35764283,2057.325543,1704.856877,3815.841154,0.10786875,0.140859216,Maher_AlMuaiqly,Al-Morssalat,29
77037,0.30885074,2154.46933,1785.637519,3862.101294,0.114769936,0.136340504,Maher_AlMuaiqly,Al-Morssalat,29
77038,0.3230251,2210.606255,1774.748376,3982.319309,0.11555696,0.148088338,Maher_AlMuaiqly,Al-Morssalat,29
77039,0.2891592,1967.376481,1741.786959,3696.960892,0.10721861,0.130181347,Maher_AlMuaiqly,Al-Morssalat,29
77040,0.29321587,2178.085383,1781.633542,3893.500135,0.11337457,0.134445717,Maher_AlMuaiqly,Al-Morssalat,29
77041,0.30690113,2060.663233,1717.13869,3687.23674,0.11505288,0.138251247,Maher_AlMuaiqly,Al-Morssalat,29
77042,0.34237635,2219.06206,1799.143186,3955.400954,0.11178906,0.145680589,Maher_AlMuaiqly,Al-Morssalat,29
77043,0.28385752,2006.878543,1729.835609,3806.988884,0.1101303,0.120539817,Maher_AlMuaiqly,Al-Morssalat,29
77044,0.31272802,2353.951927,1899.21308,4135.73978,0.11456463,0.152189013,Maher_AlMuaiqly,Al-Morssalat,29
77045,0.2937164,2209.337316,1800.352569,3894.229874,0.11658349,0.137954005,Maher_AlMuaiqly,Al-Morssalat,29
77046,0.2976633,1952.944738,1712.852831,3573.930948,0.1127552,0.122943546,Maher_AlMuaiqly,Al-Morssalat,29
77047,0.30281404,2221.158405,1811.816599,3887.947819,0.11162353,0.143899557,Maher_AlMuaiqly,Al-Morssalat,29
77048,0.32908916,1950.077695,1677.650164,3633.975535,0.11466361,0.125726809,Maher_AlMuaiqly,Al-Morssalat,29
77049,0.29037324,2207.014749,1839.892642,3896.822536,0.11412995,0.135340481,Maher_AlMuaiqly,Al-Morssalat,29
77050,0.30460513,1937.512425,1779.526769,3671.561364,0.1015737,0.110605923,Maher_AlMuaiqly,Al-Morssalat,29
