filename,chroma_stft,spectral_centroid,spectral_bandwidth,spectral_rolloff,rmse,zero_crossing_rate,name,surah,Juz
001001.mp3,0.25967756,1664.314783,1597.830959,3229.054833,0.040260326,0.081708675,Husary,Al-Fateha,1
001002.mp3,0.23611893,1572.242635,1588.262961,3180.99043,0.053535257,0.066008727,Husary,Al-Fateha,1
001003.mp3,0.26227197,1629.103157,1491.163238,3087.002231,0.05018572,0.077598769,Husary,Al-Fateha,1
001004.mp3,0.23492303,1383.816164,1637.600463,3005.559045,0.040362924,0.051357864,Husary,Al-Fateha,1
001005.mp3,0.257363,1890.12842,1560.107373,3397.045898,0.06760069,0.103422619,Husary,Al-Fateha,1
001006.mp3,0.23036477,1943.247642,1624.480446,3590.661621,0.06442364,0.105078125,Husary,Al-Fateha,1
001007.mp3,0.24531788,1629.683748,1527.806184,3240.613116,0.077815376,0.077057312,Husary,Al-Fateha,1
002001.mp3,0.25870305,1694.275818,1529.458627,3279.921325,0.061345518,0.086301992,Husary,Al-Bakara,1
002002.mp3,0.24834345,1790.816394,1594.928301,3367.020798,0.05351352,0.088403275,Husary,Al-Bakara,1
002003.mp3,0.26895896,1528.11504,1543.259657,3117.749165,0.061247908,0.072338408,Husary,Al-Bakara,1
002004.mp3,0.2469145,1533.872059,1513.704125,3111.593042,0.06602422,0.074812066,Husary,Al-Bakara,1
002005.mp3,0.29094306,1468.031975,1522.472268,2989.960855,0.06786812,0.07441087,Husary,Al-Bakara,1
002006.mp3,0.303819,1551.020577,1497.279743,3110.345818,0.07372752,0.084222361,Husary,Al-Bakara,1
002007.mp3,0.28521097,1625.037239,1501.227193,3139.433451,0.0709056,0.090037498,Husary,Al-Bakara,1
002008.mp3,0.24267974,1659.280082,1455.189954,3206.619777,0.07988497,0.088095575,Husary,Al-Bakara,1
002009.mp3,0.25675672,1513.100849,1471.55896,3093.248433,0.07410403,0.076048223,Husary,Al-Bakara,1
002010.mp3,0.26556668,1387.982929,1443.978612,2921.789043,0.065197445,0.067027909,Husary,Al-Bakara,1
002011.mp3,0.25920877,1581.125297,1427.552435,3171.756612,0.06595509,0.086999989,Husary,Al-Bakara,1
002012.mp3,0.2767482,1555.518722,1461.003779,3168.030526,0.06966228,0.085404368,Husary,Al-Bakara,1
002013.mp3,0.27748883,1644.919402,1463.591031,3114.450384,0.07687593,0.093529204,Husary,Al-Bakara,1
002014.mp3,0.26764503,1480.933053,1459.641552,3000.804545,0.061697267,0.075308594,Husary,Al-Bakara,1
002015.mp3,0.29231414,1475.25127,1484.193697,3045.96946,0.068201005,0.073311703,Husary,Al-Bakara,1
002016.mp3,0.3031995,1622.629705,1502.528773,3099.259037,0.06893716,0.088466585,Husary,Al-Bakara,1
002017.mp3,0.30046907,1578.978144,1496.487589,3166.391264,0.06739289,0.083138897,Husary,Al-Bakara,1
002018.mp3,0.28006533,1373.784417,1471.427525,2967.509272,0.0652233,0.060688605,Husary,Al-Bakara,1
002019.mp3,0.27155298,1709.622984,1500.771083,3254.407038,0.068963364,0.09509163,Husary,Al-Bakara,1
002020.mp3,0.27791008,1651.615436,1491.544165,3162.131322,0.07593876,0.091986547,Husary,Al-Bakara,1
002021.mp3,0.29359534,1615.701021,1438.760427,3194.502501,0.08126852,0.091403117,Husary,Al-Bakara,1
002022.mp3,0.28527004,1759.20117,1507.789128,3312.563606,0.09221923,0.106835328,Husary,Al-Bakara,1
002023.mp3,0.26929832,1643.947821,1527.395163,3185.988058,0.06646874,0.085840888,Husary,Al-Bakara,1
002024.mp3,0.27252075,1701.216827,1468.210962,3228.656621,0.075782664,0.096413736,Husary,Al-Bakara,1
002025.mp3,0.27800903,1698.258689,1474.791553,3181.470318,0.08066054,0.098456175,Husary,Al-Bakara,1
002026.mp3,0.27634448,1768.609049,1455.163466,3249.108549,0.08774904,0.107328315,Husary,Al-Bakara,1
002027.mp3,0.28414282,1597.079227,1528.078296,3106.132996,0.07926619,0.082984915,Husary,Al-Bakara,1
002028.mp3,0.2809041,1596.102452,1493.536739,3112.969043,0.07067586,0.085032031,Husary,Al-Bakara,1
002029.mp3,0.29097348,1847.166605,1507.464782,3377.269079,0.08870171,0.115197286,Husary,Al-Bakara,1
002030.mp3,0.28676698,1682.71941,1510.1906,3133.242823,0.07464199,0.093005962,Husary,Al-Bakara,1
002031.mp3,0.2868542,1872.771211,1483.251025,3344.228081,0.09788347,0.118896484,Husary,Al-Bakara,1
002032.mp3,0.2741555,1774.212608,1541.015202,3240.865031,0.07961698,0.095254723,Husary,Al-Bakara,1
002033.mp3,0.29194316,1788.170962,1511.651618,3267.357008,0.082606494,0.1081791,Husary,Al-Bakara,1
002034.mp3,0.29458943,1998.807453,1504.050983,3479.773207,0.09662478,0.13539317,Husary,Al-Bakara,1
002035.mp3,0.27059266,1797.32102,1508.945347,3319.552781,0.09125292,0.106854777,Husary,Al-Bakara,1
002036.mp3,0.28853312,1722.145522,1490.980501,3205.592142,0.07891673,0.101647942,Husary,Al-Bakara,1
002037.mp3,0.29534432,1783.09692,1504.718782,3255.559782,0.086710334,0.111034977,Husary,Al-Bakara,1
002038.mp3,0.2728523,1666.291198,1451.042962,3060.054685,0.07780193,0.09474771,Husary,Al-Bakara,1
002039.mp3,0.30398986,1711.558642,1468.341218,3149.739009,0.09077454,0.107262683,Husary,Al-Bakara,1
002040.mp3,0.2855293,1919.123439,1405.278011,3313.098633,0.091326915,0.130072266,Husary,Al-Bakara,1
002041.mp3,0.26867965,1720.621588,1393.149116,3160.928706,0.08106252,0.104843036,Husary,Al-Bakara,1
002042.mp3,0.26382434,1702.086331,1478.856643,3133.394493,0.08013391,0.100023739,Husary,Al-Bakara,1
002043.mp3,0.27905506,1883.165345,1492.461922,3394.287362,0.07988448,0.11162413,Husary,Al-Bakara,1
002044.mp3,0.2927678,1740.219274,1500.120198,3272.732808,0.077639654,0.105332548,Husary,Al-Bakara,1
002045.mp3,0.28792736,1911.163091,1481.229447,3388.521497,0.079736464,0.122137387,Husary,Al-Bakara,1
002046.mp3,0.27710605,1701.197953,1493.947053,3174.430863,0.07882574,0.093521601,Husary,Al-Bakara,1
002047.mp3,0.28249106,1865.622073,1448.699503,3300.137676,0.08654387,0.118852444,Husary,Al-Bakara,1
002048.mp3,0.2931328,1708.118661,1543.662847,3231.537086,0.080345035,0.093791872,Husary,Al-Bakara,1
002049.mp3,0.2696486,1702.380796,1468.888184,3203.277538,0.08396449,0.095705119,Husary,Al-Bakara,1
002050.mp3,0.2688117,1473.791371,1410.637392,2864.501481,0.07934102,0.076660156,Husary,Al-Bakara,1
002051.mp3,0.26492235,1771.175236,1435.594614,3235.139682,0.09327488,0.108057633,Husary,Al-Bakara,1
002052.mp3,0.28084242,1613.912355,1488.090806,3109.575458,0.076868646,0.089238443,Husary,Al-Bakara,1
002053.mp3,0.28675255,1682.418471,1461.073647,3141.673958,0.08854523,0.097253456,Husary,Al-Bakara,1
002054.mp3,0.25707853,1682.652296,1440.688711,3207.06717,0.078644894,0.094897261,Husary,Al-Bakara,1
002055.mp3,0.26717398,1728.555879,1470.911049,3228.567657,0.09120102,0.102209417,Husary,Al-Bakara,1
002056.mp3,0.26109648,1613.112981,1485.476458,3139.443137,0.07283272,0.085813516,Husary,Al-Bakara,1
002057.mp3,0.2758228,1686.157109,1454.099415,3137.405091,0.08489683,0.098353593,Husary,Al-Bakara,1
002058.mp3,0.28182635,1732.979017,1521.746307,3231.882477,0.075995505,0.09838151,Husary,Al-Bakara,1
002059.mp3,0.25140017,1673.152769,1451.37774,3110.899903,0.081502624,0.094549445,Husary,Al-Bakara,1
002060.mp3,0.29082766,1805.719076,1422.803549,3255.848354,0.070969164,0.113770591,Husary,Al-Bakara,1
002061.mp3,0.28186396,1766.546091,1463.072745,3235.875371,0.07729856,0.104630073,Husary,Al-Bakara,1
002062.mp3,0.29660267,1808.426452,1486.654476,3217.629295,0.08425481,0.112347249,Husary,Al-Bakara,1
002063.mp3,0.285091,1722.012073,1457.29216,3265.618274,0.07898972,0.102973536,Husary,Al-Bakara,1
002064.mp3,0.2677905,1698.426285,1493.976924,3214.106389,0.065178886,0.091221462,Husary,Al-Bakara,1
002065.mp3,0.29656103,1835.669159,1509.589477,3294.803864,0.065259136,0.113202877,Husary,Al-Bakara,1
002066.mp3,0.31235966,1948.375731,1433.682514,3313.78209,0.08201996,0.131452768,Husary,Al-Bakara,1
002067.mp3,0.27239668,1745.428742,1498.753152,3244.326999,0.060648415,0.099175212,Husary,Al-Bakara,1
002068.mp3,0.28203377,1770.445649,1441.095261,3216.423851,0.06839343,0.109014548,Husary,Al-Bakara,1
002069.mp3,0.2796882,1762.774771,1468.465802,3225.901292,0.070332155,0.10982752,Husary,Al-Bakara,1
002070.mp3,0.29886788,1736.729798,1423.974788,3084.029647,0.06995442,0.107754557,Husary,Al-Bakara,1
002071.mp3,0.29556504,1783.846664,1467.228572,3224.842142,0.08135244,0.109171133,Husary,Al-Bakara,1
002072.mp3,0.2737776,1687.184428,1552.519866,3220.387535,0.07324726,0.090923509,Husary,Al-Bakara,1
002073.mp3,0.2953024,1731.137488,1490.330201,3102.686751,0.07124504,0.101242331,Husary,Al-Bakara,1
002074.mp3,0.28537366,1775.708398,1445.724785,3181.093306,0.0823286,0.113273459,Husary,Al-Bakara,1
002075.mp3,0.26115045,1791.766158,1499.193163,3269.0833,0.07371353,0.103904588,Husary,Al-Bakara,1
002076.mp3,0.29934087,1695.464077,1531.519331,3207.549064,0.07034032,0.094942564,Husary,Al-Bakara,1
002077.mp3,0.24903566,1753.993611,1491.326915,3187.777274,0.08285563,0.101158209,Husary,Al-Bakara,1
002078.mp3,0.26171008,1763.271556,1525.48651,3196.458922,0.0750128,0.100171863,Husary,Al-Bakara,1
002079.mp3,0.27315626,1841.31645,1488.403232,3211.069899,0.0741967,0.10767503,Husary,Al-Bakara,1
002080.mp3,0.2990312,1520.645006,1599.29503,3090.177886,0.046219386,0.069302141,Husary,Al-Bakara,1
002081.mp3,0.27453482,1570.227172,1540.114446,3084.428703,0.042849224,0.077255524,Husary,Al-Bakara,1
002082.mp3,0.33418614,1593.611826,1680.025321,3159.127413,0.0417339,0.076008238,Husary,Al-Bakara,1
002083.mp3,0.29924434,1630.701151,1557.971659,3256.015819,0.049950562,0.079998618,Husary,Al-Bakara,1
002084.mp3,0.26941416,1630.050064,1541.410409,3227.495868,0.052410826,0.080739004,Husary,Al-Bakara,1
002085.mp3,0.30087873,1644.218093,1564.978036,3252.662181,0.053153157,0.081046208,Husary,Al-Bakara,1
002086.mp3,0.32481664,1679.391401,1594.228226,3313.935889,0.058852196,0.086089344,Husary,Al-Bakara,1
002087.mp3,0.30551642,1694.55908,1597.796594,3315.421315,0.055264685,0.084933287,Husary,Al-Bakara,1
002088.mp3,0.28755823,1505.699984,1664.170057,3195.082787,0.051659446,0.061473034,Husary,Al-Bakara,1
002089.mp3,0.26534158,1677.869596,1530.605415,3254.266464,0.05607425,0.082976602,Husary,Al-Bakara,1
002090.mp3,0.27581897,1775.494577,1562.545231,3300.325509,0.063381635,0.092068469,Husary,Al-Bakara,1
002091.mp3,0.27902016,1650.540543,1544.833645,3256.518378,0.067327395,0.082540464,Husary,Al-Bakara,1
002092.mp3,0.2704294,1685.902782,1559.964959,3243.606587,0.06391259,0.090611874,Husary,Al-Bakara,1
002093.mp3,0.28491423,1721.906468,1565.149753,3322.432182,0.063354835,0.091057055,Husary,Al-Bakara,1
002094.mp3,0.257332,1708.340548,1537.001858,3286.169576,0.06771989,0.085740874,Husary,Al-Bakara,1
002095.mp3,0.27471724,1828.728421,1589.460412,3349.004525,0.06998518,0.101825252,Husary,Al-Bakara,1
002096.mp3,0.26280165,1736.533306,1512.354843,3249.865422,0.07453791,0.098100482,Husary,Al-Bakara,1
002097.mp3,0.26395702,1757.10486,1549.511756,3324.476902,0.06854207,0.093478615,Husary,Al-Bakara,1
002098.mp3,0.32983395,1935.810885,1533.856084,3368.06142,0.08600389,0.122960098,Husary,Al-Bakara,1
002099.mp3,0.28297874,1963.501959,1487.731754,3402.530401,0.09462103,0.131944133,Husary,Al-Bakara,1
002100.mp3,0.23569229,1571.061622,1454.721771,3032.22231,0.06720269,0.081884766,Husary,Al-Bakara,1
002101.mp3,0.26792723,1789.819894,1494.48598,3258.498658,0.086104006,0.104326023,Husary,Al-Bakara,1
002102.mp3,0.2841472,1880.629963,1485.834301,3341.336988,0.088448375,0.118794418,Husary,Al-Bakara,1
002103.mp3,0.26307118,1732.115539,1479.595796,3229.70038,0.074114695,0.096742183,Husary,Al-Bakara,1
002104.mp3,0.2847594,1809.115867,1478.486281,3272.766847,0.08329742,0.110023122,Husary,Al-Bakara,1
002105.mp3,0.2910355,1904.666521,1508.599428,3352.137579,0.07565331,0.116236203,Husary,Al-Bakara,1
002106.mp3,0.2797623,1948.098109,1488.910404,3350.248787,0.07844469,0.125920029,Husary,Al-Bakara,1
002107.mp3,0.30001253,1848.871623,1535.735575,3336.437257,0.07027424,0.106629738,Husary,Al-Bakara,1
002108.mp3,0.28907534,1955.603342,1502.53222,3439.221109,0.072473995,0.125437642,Husary,Al-Bakara,1
002109.mp3,0.30341795,1891.480937,1513.713896,3331.633752,0.0645896,0.110791391,Husary,Al-Bakara,1
002110.mp3,0.2886172,1813.147021,1488.533868,3279.206024,0.06421455,0.11025619,Husary,Al-Bakara,1
002111.mp3,0.28051105,1829.734699,1470.719328,3301.809863,0.06569931,0.111853231,Husary,Al-Bakara,1
002112.mp3,0.26907578,1869.590844,1552.619238,3396.903679,0.06363345,0.108291304,Husary,Al-Bakara,1
002113.mp3,0.28976977,1872.58531,1538.536667,3369.901051,0.067264296,0.11078363,Husary,Al-Bakara,1
002114.mp3,0.2791401,1866.838359,1479.371677,3320.423951,0.07219002,0.118907218,Husary,Al-Bakara,1
002115.mp3,0.28815016,1827.829489,1491.130203,3279.262952,0.07110097,0.108904703,Husary,Al-Bakara,1
002116.mp3,0.29108363,1759.58928,1498.746328,3239.330673,0.063208334,0.108035034,Husary,Al-Bakara,1
002117.mp3,0.2780762,1725.248384,1470.149022,3209.539859,0.06684026,0.105209641,Husary,Al-Bakara,1
002118.mp3,0.28867477,1840.496138,1507.722262,3285.524724,0.06406988,0.110269975,Husary,Al-Bakara,1
002119.mp3,0.28405905,1904.297865,1389.397249,3286.60311,0.07097345,0.127095845,Husary,Al-Bakara,1
002120.mp3,0.2733353,1731.293862,1360.430294,3099.228745,0.07319158,0.109425136,Husary,Al-Bakara,1
002121.mp3,0.30082563,1874.96471,1417.53546,3332.412401,0.07348959,0.124664762,Husary,Al-Bakara,1
002122.mp3,0.30007952,1935.448332,1416.286992,3355.677183,0.077449046,0.128840972,Husary,Al-Bakara,1
002123.mp3,0.25809225,1752.934798,1419.796662,3256.715133,0.076965295,0.104059524,Husary,Al-Bakara,1
002124.mp3,0.2842986,1840.52693,1409.15553,3269.822551,0.07579543,0.118581653,Husary,Al-Bakara,1
002125.mp3,0.28029293,1811.122882,1409.086435,3246.826794,0.073894046,0.113793277,Husary,Al-Bakara,1
002126.mp3,0.2845295,1741.122242,1417.274577,3219.272924,0.06839917,0.103564453,Husary,Al-Bakara,1
002127.mp3,0.29189584,1857.866721,1412.579439,3238.955653,0.06810209,0.122547925,Husary,Al-Bakara,1
002128.mp3,0.2905989,1868.565672,1406.666984,3284.887292,0.07232078,0.120275218,Husary,Al-Bakara,1
002129.mp3,0.29639477,1845.173492,1423.876524,3257.768555,0.064820126,0.11469029,Husary,Al-Bakara,1
002130.mp3,0.2799419,1788.522904,1382.243409,3165.555217,0.058323834,0.113121455,Husary,Al-Bakara,1
002131.mp3,0.25834098,1651.972339,1396.743444,3169.484651,0.06420899,0.092286572,Husary,Al-Bakara,1
002132.mp3,0.28668854,1703.488311,1433.541857,3156.986178,0.0650455,0.099442015,Husary,Al-Bakara,1
002133.mp3,0.28932595,1665.992103,1381.373852,3103.757899,0.0706092,0.098394827,Husary,Al-Bakara,1
002134.mp3,0.28910112,1636.932973,1423.921105,3180.148975,0.061099842,0.095926113,Husary,Al-Bakara,1
002135.mp3,0.26606274,1656.21411,1389.491619,3120.723828,0.06565575,0.09634819,Husary,Al-Bakara,1
002136.mp3,0.27407786,1681.466883,1408.733263,3160.249369,0.06504667,0.09900427,Husary,Al-Bakara,1
002137.mp3,0.25869212,1691.56507,1403.440854,3194.208594,0.066681765,0.099856116,Husary,Al-Bakara,1
002138.mp3,0.23057397,1583.110785,1374.875875,3158.504041,0.06810499,0.093849342,Husary,Al-Bakara,1
002139.mp3,0.24586523,1562.92261,1358.112467,3059.956593,0.07214021,0.091961863,Husary,Al-Bakara,1
002140.mp3,0.24759772,1570.480912,1318.034554,3026.466923,0.07044741,0.093982214,Husary,Al-Bakara,1
002141.mp3,0.26758987,1667.782088,1376.030222,3135.129803,0.070617735,0.098774119,Husary,Al-Bakara,1
002142.mp3,0.28035364,1842.970606,1389.517391,3274.12612,0.07242692,0.116932808,Husary,Al-Bakara,1
002143.mp3,0.2766031,1745.587073,1370.958659,3195.51572,0.074123845,0.106843713,Husary,Al-Bakara,1
002144.mp3,0.25949016,1573.687071,1351.476097,3032.740049,0.06721322,0.091485943,Husary,Al-Bakara,1
002145.mp3,0.27772722,1548.375183,1519.976885,3161.819719,0.044324234,0.067297699,Husary,Al-Bakara,1
002146.mp3,0.26616552,1563.455969,1458.152349,3082.923434,0.051729493,0.078882613,Husary,Al-Bakara,1
002147.mp3,0.2643011,1657.246481,1577.335962,3308.271209,0.038823884,0.070663237,Husary,Al-Bakara,1
002148.mp3,0.27281928,1659.022774,1535.950039,3294.810507,0.045203995,0.0792612,Husary,Al-Bakara,1
002149.mp3,0.2758794,1618.518917,1464.582522,3109.886719,0.05571374,0.087449312,Husary,Al-Bakara,1
002150.mp3,0.27655524,1554.367094,1457.191577,3071.206602,0.052931037,0.076853848,Husary,Al-Bakara,1
002151.mp3,0.2768141,1629.075909,1461.666013,3108.123235,0.056217227,0.085709002,Husary,Al-Bakara,1
002152.mp3,0.2710828,1579.364925,1476.524306,3193.855939,0.051099733,0.087637378,Husary,Al-Bakara,1
002153.mp3,0.29732978,1965.440179,1526.154722,3508.590701,0.059341896,0.12527202,Husary,Al-Bakara,1
002154.mp3,0.27027327,1719.371375,1438.261626,3214.457496,0.06040423,0.100094367,Husary,Al-Bakara,1
002155.mp3,0.30468792,1871.375095,1528.964742,3409.743628,0.05320613,0.113016966,Husary,Al-Bakara,1
002156.mp3,0.2767418,1777.597025,1467.113224,3252.79541,0.060388017,0.104745629,Husary,Al-Bakara,1
002157.mp3,0.29942787,1556.57362,1476.140325,3003.12901,0.05635598,0.081812851,Husary,Al-Bakara,1
002158.mp3,0.2919997,1838.173965,1470.474715,3301.449604,0.06491231,0.109673879,Husary,Al-Bakara,1
002159.mp3,0.28363708,1788.748044,1454.571317,3217.04193,0.069375485,0.106023449,Husary,Al-Bakara,1
002160.mp3,0.27925366,1703.055441,1372.559569,3099.215395,0.06129108,0.095953877,Husary,Al-Bakara,1
002161.mp3,0.28858227,1894.583142,1441.964587,3346.039586,0.0731838,0.12065448,Husary,Al-Bakara,1
002162.mp3,0.25735664,1689.216896,1515.753859,3279.439545,0.059402198,0.087467829,Husary,Al-Bakara,1
002163.mp3,0.3112225,1890.733265,1420.499903,3287.529643,0.07865672,0.12269382,Husary,Al-Bakara,1
002164.mp3,0.30276513,1963.066783,1498.181993,3409.388016,0.06788511,0.126875631,Husary,Al-Bakara,1
002165.mp3,0.2993918,1852.547266,1482.3985,3284.603969,0.06257815,0.113110211,Husary,Al-Bakara,1
002166.mp3,0.30016622,1930.661436,1474.783785,3380.725708,0.07279416,0.125896926,Husary,Al-Bakara,1
002167.mp3,0.29846406,1814.071133,1454.005904,3235.526006,0.06487321,0.110437179,Husary,Al-Bakara,1
002168.mp3,0.2748547,1790.705707,1456.880962,3243.058064,0.06476317,0.103736105,Husary,Al-Bakara,1
002169.mp3,0.26557225,1664.499107,1470.859378,3138.274488,0.05825271,0.092366199,Husary,Al-Bakara,1
002170.mp3,0.2754677,1758.960641,1420.745444,3170.022612,0.06778805,0.108533215,Husary,Al-Bakara,1
002171.mp3,0.26773727,1849.866572,1449.784313,3286.015736,0.065640114,0.11288036,Husary,Al-Bakara,1
002172.mp3,0.2773174,1808.254295,1479.920701,3198.662722,0.06698227,0.107382649,Husary,Al-Bakara,1
002173.mp3,0.29454887,1953.158618,1455.169737,3301.359457,0.0831752,0.129893302,Husary,Al-Bakara,1
002174.mp3,0.28192192,1835.68346,1500.734891,3269.175349,0.07244414,0.106084583,Husary,Al-Bakara,1
002175.mp3,0.28868875,1954.995811,1451.744374,3315.818166,0.10675926,0.133412929,Husary,Al-Bakara,1
002176.mp3,0.30286893,1944.239565,1537.425018,3337.656237,0.07191755,0.115796518,Husary,Al-Bakara,1
002177.mp3,0.28995514,1946.355907,1480.608669,3349.098821,0.08837947,0.124846013,Husary,Al-Bakara,1
002178.mp3,0.3019639,1997.361365,1476.857967,3384.470499,0.07979047,0.132431151,Husary,Al-Bakara,1
002179.mp3,0.2780192,1866.832045,1437.053187,3203.820537,0.09135087,0.122445761,Husary,Al-Bakara,1
002180.mp3,0.27888593,1715.371566,1467.361404,3177.671721,0.066778496,0.090089537,Husary,Al-Bakara,1
002181.mp3,0.27325618,1904.746377,1456.516273,3293.591581,0.073203035,0.116817149,Husary,Al-Bakara,1
002182.mp3,0.28188896,1902.76238,1476.526359,3317.474475,0.07549904,0.120397571,Husary,Al-Bakara,1
002183.mp3,0.29849055,1984.988215,1464.614109,3375.839788,0.08339829,0.136488665,Husary,Al-Bakara,1
002184.mp3,0.28539997,1868.162804,1485.862577,3305.085832,0.07085505,0.113755473,Husary,Al-Bakara,1
002185.mp3,0.2908225,1907.302465,1475.606771,3311.135417,0.07719628,0.119726096,Husary,Al-Bakara,1
002186.mp3,0.29722366,1939.217716,1444.767066,3255.029743,0.087807685,0.125946189,Husary,Al-Bakara,1
002187.mp3,0.3004475,1919.546192,1463.095599,3289.6838,0.071763396,0.125830314,Husary,Al-Bakara,1
002188.mp3,0.27626163,1830.275018,1408.948371,3129.176031,0.05815902,0.121239596,Husary,Al-Bakara,1
002189.mp3,0.28739372,1848.895418,1457.104036,3230.630972,0.0540892,0.119532504,Husary,Al-Bakara,1
002190.mp3,0.28229344,1751.319431,1411.393261,3072.32284,0.049877886,0.103168412,Husary,Al-Bakara,1
002191.mp3,0.27861136,1879.328137,1484.242568,3339.636797,0.051433407,0.116412091,Husary,Al-Bakara,1
002192.mp3,0.25274536,1774.997573,1499.084137,3190.450701,0.04719664,0.098628752,Husary,Al-Bakara,1
002193.mp3,0.28894126,1975.429598,1479.559803,3331.685315,0.06156468,0.130359665,Husary,Al-Bakara,1
002194.mp3,0.28163198,1923.802529,1501.851519,3377.183051,0.061793435,0.118500291,Husary,Al-Bakara,1
002195.mp3,0.2931641,2040.09105,1459.785706,3360.042484,0.05357334,0.13870143,Husary,Al-Bakara,1
002196.mp3,0.30838907,2018.486591,1466.940486,3362.19605,0.063142054,0.139237695,Husary,Al-Bakara,1
002197.mp3,0.2850998,1941.7075,1467.134589,3325.490644,0.06506056,0.130324431,Husary,Al-Bakara,1
002198.mp3,0.2925618,1908.150484,1483.657458,3315.209272,0.0627906,0.123651766,Husary,Al-Bakara,1
002199.mp3,0.2744265,1848.420886,1523.844303,3302.510698,0.056075096,0.110437919,Husary,Al-Bakara,1
002200.mp3,0.28372568,1936.116759,1412.702855,3257.258538,0.070795156,0.132814843,Husary,Al-Bakara,1
002201.mp3,0.29329205,1921.955475,1462.722066,3246.565884,0.069194674,0.123738369,Husary,Al-Bakara,1
002202.mp3,0.2862683,1884.858196,1513.140684,3363.133049,0.06457972,0.109006246,Husary,Al-Bakara,1
002203.mp3,0.28244677,1927.132175,1447.040037,3260.946771,0.068963006,0.128127118,Husary,Al-Bakara,1
002204.mp3,0.30602244,1991.810568,1454.314248,3375.106276,0.071694426,0.133778719,Husary,Al-Bakara,1
002205.mp3,0.30833465,2020.734697,1520.153178,3421.443631,0.06974705,0.133097292,Husary,Al-Bakara,1
002206.mp3,0.32145786,1923.027749,1504.773614,3295.175816,0.054926865,0.123498314,Husary,Al-Bakara,1
002207.mp3,0.2945534,2023.478507,1500.11352,3412.970432,0.07338454,0.138050862,Husary,Al-Bakara,1
002208.mp3,0.272562,1922.158174,1473.059673,3356.276178,0.06923405,0.119011152,Husary,Al-Bakara,1
002209.mp3,0.28365675,1856.07684,1476.164766,3268.714576,0.058400955,0.110919508,Husary,Al-Bakara,1
002210.mp3,0.27140447,1498.938917,1407.743004,2853.877258,0.042557474,0.076395463,Husary,Al-Bakara,1
002211.mp3,0.33222842,1658.478275,1533.466697,3270.27067,0.033806667,0.0829733,Husary,Al-Bakara,1
002212.mp3,0.30398977,1680.279202,1514.978323,3260.98072,0.036285248,0.086941209,Husary,Al-Bakara,1
002213.mp3,0.2965516,1754.844035,1520.919481,3321.534187,0.037953593,0.092776586,Husary,Al-Bakara,1
002214.mp3,0.27649388,1686.200075,1495.213932,3267.790159,0.04109818,0.090497784,Husary,Al-Bakara,1
002215.mp3,0.28053385,1789.128515,1525.039155,3309.927106,0.040636618,0.096414591,Husary,Al-Bakara,1
002216.mp3,0.28400058,1617.408131,1471.786334,3159.949919,0.04233851,0.086867071,Husary,Al-Bakara,1
002217.mp3,0.28889704,1808.038651,1498.582564,3382.723103,0.043119974,0.106781216,Husary,Al-Bakara,1
002218.mp3,0.29013577,1838.378211,1485.147241,3399.981592,0.047633395,0.117668366,Husary,Al-Bakara,1
002219.mp3,0.30409902,1800.368303,1545.088809,3375.684073,0.054915465,0.103786027,Husary,Al-Bakara,1
002220.mp3,0.2867559,1835.808294,1537.447403,3379.703522,0.063871704,0.106942342,Husary,Al-Bakara,1
002221.mp3,0.29113778,1770.246343,1484.522059,3236.606498,0.0490443,0.103425146,Husary,Al-Bakara,1
002222.mp3,0.29895654,1808.236225,1519.145591,3357.962118,0.04972135,0.106857074,Husary,Al-Bakara,1
002223.mp3,0.28732494,1780.925614,1554.611386,3389.50669,0.042032823,0.103356276,Husary,Al-Bakara,1
002224.mp3,0.2772239,1846.736441,1540.969466,3400.70073,0.05287248,0.104180273,Husary,Al-Bakara,1
002225.mp3,0.2942413,1818.8334,1562.207858,3397.361694,0.04498989,0.104638891,Husary,Al-Bakara,1
002226.mp3,0.2876166,1916.887052,1501.026545,3390.146309,0.054054573,0.124770245,Husary,Al-Bakara,1
002227.mp3,0.2996017,1974.843314,1468.879166,3341.748047,0.057247322,0.126990327,Husary,Al-Bakara,1
002228.mp3,0.29099864,1874.367778,1498.203264,3305.519869,0.05235657,0.117771867,Husary,Al-Bakara,1
002229.mp3,0.2977718,1851.274044,1527.130091,3403.711314,0.05360183,0.114715869,Husary,Al-Bakara,1
002230.mp3,0.31803283,1767.027344,1582.003876,3344.944864,0.035777144,0.101244134,Husary,Al-Bakara,1
002231.mp3,0.28847477,1794.15354,1509.640956,3281.168912,0.043919004,0.109934306,Husary,Al-Bakara,1
002232.mp3,0.30444708,1744.462381,1590.209944,3283.853859,0.048016846,0.10127032,Husary,Al-Bakara,1
002233.mp3,0.30086508,1784.780784,1558.748526,3334.122642,0.051445387,0.101963693,Husary,Al-Bakara,1
002234.mp3,0.27807546,1863.23013,1552.905742,3406.007333,0.06043244,0.111218883,Husary,Al-Bakara,1
002235.mp3,0.2904785,1786.420002,1572.21585,3333.780341,0.055243522,0.1003445,Husary,Al-Bakara,1
002236.mp3,0.2832149,1807.26149,1548.855091,3326.785264,0.050739598,0.105230481,Husary,Al-Bakara,1
002237.mp3,0.3052734,1846.978795,1561.93625,3362.582737,0.052418627,0.110812064,Husary,Al-Bakara,1
002238.mp3,0.29670852,2101.493038,1570.679419,3598.425199,0.07377672,0.142192144,Husary,Al-Bakara,1
002239.mp3,0.29523104,1762.278175,1581.076045,3368.552111,0.05328223,0.09803708,Husary,Al-Bakara,1
002240.mp3,0.29629728,1885.126138,1542.34259,3396.535607,0.06470512,0.113698109,Husary,Al-Bakara,1
002241.mp3,0.29805648,1863.528858,1380.036247,3185.330739,0.061571117,0.125367921,Husary,Al-Bakara,1
002242.mp3,0.3089627,1736.350187,1584.834585,3303.824848,0.050345708,0.089475443,Husary,Al-Bakara,1
002243.mp3,0.2831741,1824.457196,1550.315539,3371.313389,0.06292305,0.108298092,Husary,Al-Bakara,1
002244.mp3,0.28012136,1992.347778,1518.2417,3399.960131,0.06465498,0.132284542,Husary,Al-Bakara,1
002245.mp3,0.2794883,1788.650807,1533.057799,3319.995065,0.06318896,0.107637772,Husary,Al-Bakara,1
002246.mp3,0.31104818,1927.013923,1574.733974,3441.443588,0.06773951,0.118467358,Husary,Al-Bakara,1
002247.mp3,0.30098355,1908.82952,1546.449119,3417.497454,0.07032058,0.117253422,Husary,Al-Bakara,1
002248.mp3,0.28959987,1938.793766,1493.366938,3335.203112,0.06511728,0.124831282,Husary,Al-Bakara,1
002249.mp3,0.2988368,1988.627062,1535.399428,3422.972598,0.071499586,0.128555002,Husary,Al-Bakara,1
002250.mp3,0.2949477,1972.026863,1517.557885,3373.210753,0.08164709,0.130451373,Husary,Al-Bakara,1
002251.mp3,0.28062358,1930.819048,1459.426799,3332.675888,0.07443059,0.127714959,Husary,Al-Bakara,1
002252.mp3,0.31399328,1993.433598,1546.914598,3412.43975,0.06702133,0.13029639,Husary,Al-Bakara,1
002253.mp3,0.29493862,1893.131002,1531.122791,3374.932361,0.06322744,0.115963702,Husary,Al-Bakara,1
002254.mp3,0.2931394,1462.646813,1530.039752,3144.583758,0.051412836,0.057500145,Husary,Al-Bakara,1
002255.mp3,0.2860954,1571.45352,1547.384057,3269.893064,0.055692118,0.07624283,Husary,Al-Bakara,1
002256.mp3,0.30699846,1709.953587,1566.906233,3381.593794,0.05587728,0.090259899,Husary,Al-Bakara,1
002257.mp3,0.27840102,1491.639542,1507.527701,3090.529544,0.061413173,0.069990073,Husary,Al-Bakara,1
002258.mp3,0.3118823,1888.248739,1587.985047,3449.342299,0.07595108,0.101443804,Husary,Al-Bakara,1
002259.mp3,0.32613978,1842.150532,1552.213523,3428.462655,0.080682926,0.110648738,Husary,Al-Bakara,1
002260.mp3,0.30887008,1729.918283,1527.10365,3296.09296,0.07101247,0.093230514,Husary,Al-Bakara,1
002261.mp3,0.3365258,1906.705726,1588.526027,3509.264446,0.06799006,0.108918127,Husary,Al-Bakara,1
002262.mp3,0.28137502,1695.048807,1490.794232,3254.90573,0.06432774,0.092839329,Husary,Al-Bakara,1
002263.mp3,0.28534764,1742.524691,1552.393495,3371.513309,0.058009256,0.087531424,Husary,Al-Bakara,1
002264.mp3,0.30966854,1790.556619,1544.447165,3406.778651,0.063683614,0.096432192,Husary,Al-Bakara,1
002265.mp3,0.2942415,1835.327914,1547.870164,3423.545444,0.0676893,0.102153231,Husary,Al-Bakara,1
002266.mp3,0.29867586,1757.720393,1560.865952,3385.24767,0.06553631,0.093138419,Husary,Al-Bakara,1
002267.mp3,0.2912577,1809.528352,1563.962929,3398.916865,0.06788494,0.098443843,Husary,Al-Bakara,1
002268.mp3,0.27302,1878.300587,1543.053124,3449.65791,0.0730461,0.106994766,Husary,Al-Bakara,1
002269.mp3,0.29802948,1871.67383,1525.597112,3430.392244,0.06495967,0.112316624,Husary,Al-Bakara,1
002270.mp3,0.2670707,1570.465768,1514.34958,3082.766148,0.057554338,0.075895755,Husary,Al-Bakara,1
002271.mp3,0.27161846,1747.398893,1517.386115,3294.782237,0.06605848,0.092619352,Husary,Al-Bakara,1
002272.mp3,0.26891556,1787.934412,1535.131794,3337.232742,0.063553564,0.098886651,Husary,Al-Bakara,1
002273.mp3,0.31387365,1826.352926,1588.440324,3433.118242,0.050725993,0.098762976,Husary,Al-Bakara,1
002274.mp3,0.30301112,1861.552853,1553.789465,3441.901593,0.061254486,0.108898489,Husary,Al-Bakara,1
002275.mp3,0.29032663,1919.634939,1527.339216,3442.01325,0.07235625,0.116927652,Husary,Al-Bakara,1
002276.mp3,0.3146767,1956.221089,1614.788418,3576.660467,0.06494456,0.105354196,Husary,Al-Bakara,1
002277.mp3,0.32482046,1831.810922,1609.988802,3464.727207,0.058920044,0.098109654,Husary,Al-Bakara,1
002278.mp3,0.26833507,1890.83957,1488.290414,3341.699793,0.07842363,0.119435509,Husary,Al-Bakara,1
002279.mp3,0.27329007,1729.981627,1574.529576,3374.24016,0.055642374,0.088011881,Husary,Al-Bakara,1
002280.mp3,0.2665984,1641.799716,1518.037694,3207.530959,0.05157211,0.083340259,Husary,Al-Bakara,1
002281.mp3,0.30112043,1761.861093,1604.598771,3423.713417,0.052942935,0.089919724,Husary,Al-Bakara,1
002282.mp3,0.29979372,1942.38862,1520.199419,3446.765679,0.072911605,0.119718275,Husary,Al-Bakara,1
002283.mp3,0.29212686,1934.333666,1488.224768,3407.183417,0.07478556,0.124935206,Husary,Al-Bakara,1
002284.mp3,0.30238056,2081.549918,1522.662314,3529.730578,0.07397528,0.136783153,Husary,Al-Bakara,1
002285.mp3,0.29681164,1964.140841,1509.985698,3420.658275,0.07319767,0.121112594,Husary,Al-Bakara,1
002286.mp3,0.29362977,2014.235211,1494.860692,3452.413276,0.083992295,0.1312773,Husary,Al-Bakara,1
003001.mp3,0.2750359,1771.275041,1539.892582,3244.673146,0.08343241,0.107631607,Husary,Al-Emran,3
003002.mp3,0.24968381,1582.684948,1512.710855,3142.05615,0.08063415,0.085452405,Husary,Al-Emran,3
003003.mp3,0.296424,1797.517115,1543.90232,3246.188758,0.0908934,0.104012909,Husary,Al-Emran,3
003004.mp3,0.2536329,1517.253159,1467.789114,2990.248973,0.082612775,0.080795904,Husary,Al-Emran,3
003005.mp3,0.30931586,1920.016988,1611.596728,3447.033904,0.098232225,0.117462158,Husary,Al-Emran,3
003006.mp3,0.26007375,1652.713948,1470.317094,3050.477461,0.09052142,0.089789196,Husary,Al-Emran,3
003007.mp3,0.2734625,1607.977321,1506.404906,3066.690049,0.09478782,0.085224621,Husary,Al-Emran,3
003008.mp3,0.26526368,1618.531349,1488.120366,3043.382615,0.108157344,0.090176649,Husary,Al-Emran,3
003009.mp3,0.2746029,1631.885144,1461.859225,3020.585535,0.09864494,0.091924489,Husary,Al-Emran,3
003010.mp3,0.25034097,1491.166399,1400.951741,2805.637395,0.094625436,0.079798914,Husary,Al-Emran,3
003011.mp3,0.26421514,1643.573504,1506.057638,3073.97654,0.10124349,0.085642269,Husary,Al-Emran,3
003012.mp3,0.2634869,1663.793635,1486.951624,3067.223011,0.09682208,0.090265447,Husary,Al-Emran,3
003013.mp3,0.2707551,1775.118082,1553.174561,3225.393354,0.09435794,0.099807355,Husary,Al-Emran,3
003014.mp3,0.27533436,1716.980492,1542.532561,3157.260378,0.0917194,0.094989408,Husary,Al-Emran,3
003015.mp3,0.2546645,1554.16188,1521.696043,2998.994929,0.07691816,0.075447798,Husary,Al-Emran,3
003016.mp3,0.25683692,1663.973785,1499.512699,3095.095517,0.09208152,0.094635581,Husary,Al-Emran,3
003017.mp3,0.27331805,1927.705205,1606.92295,3433.258027,0.08670433,0.117140775,Husary,Al-Emran,3
003018.mp3,0.26315415,1706.344455,1521.719569,3084.962628,0.09407523,0.095292696,Husary,Al-Emran,3
003019.mp3,0.26772997,1689.097876,1499.779824,3073.862023,0.085556425,0.093027581,Husary,Al-Emran,3
003020.mp3,0.26416403,1581.885188,1458.565871,2961.573455,0.080268376,0.086137969,Husary,Al-Emran,3
003021.mp3,0.2645819,1684.622529,1532.949077,3210.800918,0.07741455,0.08793359,Husary,Al-Emran,3
003022.mp3,0.23691642,1389.715484,1417.353253,2834.572614,0.08926381,0.06305482,Husary,Al-Emran,3
003023.mp3,0.24825364,1132.863397,1375.191349,2293.524277,0.07236147,0.042265602,Husary,Al-Emran,3
003024.mp3,0.2586617,1184.982003,1428.196219,2366.569171,0.0738401,0.049178068,Husary,Al-Emran,3
003025.mp3,0.25594074,1287.322089,1472.789519,2503.581056,0.08577125,0.054193724,Husary,Al-Emran,3
003026.mp3,0.27155638,1287.754864,1525.620026,2636.904144,0.07335702,0.049962997,Husary,Al-Emran,3
003027.mp3,0.26242477,1272.787622,1468.227735,2577.569602,0.0860199,0.052613641,Husary,Al-Emran,3
003028.mp3,0.2489866,1307.89974,1493.801341,2694.695556,0.09041428,0.056095969,Husary,Al-Emran,3
003029.mp3,0.27810043,1345.763145,1467.391319,2810.528318,0.09596741,0.065605612,Husary,Al-Emran,3
003030.mp3,0.270812,1385.737603,1504.540315,2761.382704,0.08559372,0.067404447,Husary,Al-Emran,3
003031.mp3,0.24380255,1361.945032,1507.014764,2844.776605,0.08262962,0.060529525,Husary,Al-Emran,3
003032.mp3,0.23383594,1292.841126,1489.020184,2789.722545,0.08013067,0.052372329,Husary,Al-Emran,3
003033.mp3,0.25741166,1380.304167,1469.102412,2853.225954,0.09719874,0.068626657,Husary,Al-Emran,3
003034.mp3,0.2578504,1262.28856,1457.782338,2669.841121,0.07548937,0.05060597,Husary,Al-Emran,3
003035.mp3,0.24377653,1464.239211,1547.801082,2978.300314,0.09149734,0.066023319,Husary,Al-Emran,3
003036.mp3,0.26723552,1456.1342,1496.907302,2902.796029,0.09596377,0.068970358,Husary,Al-Emran,3
003037.mp3,0.2878934,1525.372019,1515.929077,3013.950203,0.09741461,0.078634587,Husary,Al-Emran,3
003038.mp3,0.29300293,1482.943019,1477.245041,2955.442582,0.08519448,0.074509823,Husary,Al-Emran,3
003039.mp3,0.2792211,1555.134957,1568.440082,3102.557481,0.09142131,0.075417424,Husary,Al-Emran,3
003040.mp3,0.26155898,1452.899373,1418.185285,2873.09439,0.08865727,0.076185405,Husary,Al-Emran,3
003041.mp3,0.28562707,1661.632516,1510.236077,3070.853062,0.09907353,0.094959092,Husary,Al-Emran,3
003042.mp3,0.28120187,1749.745253,1648.717439,3278.245234,0.107152276,0.097517518,Husary,Al-Emran,3
003043.mp3,0.276944,1719.093126,1628.094064,3198.919608,0.09003292,0.089510579,Husary,Al-Emran,3
003044.mp3,0.27469292,1593.313186,1538.012401,3001.391974,0.079208784,0.087451978,Husary,Al-Emran,3
003045.mp3,0.27094692,1713.929525,1589.198507,3169.186755,0.090216875,0.096312202,Husary,Al-Emran,3
003046.mp3,0.291651,1716.110673,1619.837839,3242.25172,0.07099443,0.092923561,Husary,Al-Emran,3
003047.mp3,0.275175,1542.269226,1528.361762,2954.33362,0.085722074,0.0853716,Husary,Al-Emran,3
003048.mp3,0.29975304,1648.21473,1544.392986,3012.967274,0.09322618,0.094883104,Husary,Al-Emran,3
003049.mp3,0.25694326,1606.237702,1539.086969,3051.947543,0.08557873,0.085452794,Husary,Al-Emran,3
003050.mp3,0.2589755,1463.84136,1479.434026,2784.889025,0.08240818,0.073571173,Husary,Al-Emran,3
003051.mp3,0.25262684,1524.745714,1555.083972,2894.19946,0.086297974,0.075081438,Husary,Al-Emran,3
003052.mp3,0.26464793,1631.340936,1572.088609,3068.953505,0.09454601,0.09017723,Husary,Al-Emran,3
003053.mp3,0.2697362,1675.447735,1568.06768,3109.596268,0.09536941,0.096151131,Husary,Al-Emran,3
003054.mp3,0.27550888,1580.345347,1599.491897,3133.794404,0.08007383,0.081314251,Husary,Al-Emran,3
003055.mp3,0.28119752,1619.949278,1560.862712,3059.311767,0.08442032,0.085553536,Husary,Al-Emran,3
003056.mp3,0.26439026,1710.544644,1618.504946,3201.447945,0.08671956,0.087838809,Husary,Al-Emran,3
003057.mp3,0.26045915,1661.497843,1565.644756,3130.474404,0.08823267,0.089145671,Husary,Al-Emran,3
003058.mp3,0.30087426,1798.778176,1581.743606,3191.288619,0.09079651,0.105726026,Husary,Al-Emran,3
003059.mp3,0.26252216,1493.746655,1521.840187,2908.38768,0.08517022,0.074443963,Husary,Al-Emran,3
003060.mp3,0.28093463,1417.753339,1438.166369,2720.162263,0.057579752,0.069812611,Husary,Al-Emran,3
003061.mp3,0.27841097,1719.321437,1561.247688,3172.574078,0.094599895,0.097805181,Husary,Al-Emran,3
003062.mp3,0.27476138,1660.319978,1588.975071,3058.637439,0.08762234,0.089420058,Husary,Al-Emran,3
003063.mp3,0.27260065,1717.209834,1668.60205,3264.330261,0.06831362,0.082901237,Husary,Al-Emran,3
003064.mp3,0.2916443,1726.554018,1579.233808,3112.584169,0.09323704,0.095580761,Husary,Al-Emran,3
003065.mp3,0.2821567,1677.95817,1539.369638,3023.410224,0.094322406,0.094066541,Husary,Al-Emran,3
003066.mp3,0.27972215,1659.419468,1569.490542,3051.100733,0.10389413,0.089313198,Husary,Al-Emran,3
003067.mp3,0.27258414,1863.046786,1612.637764,3348.21067,0.102515616,0.106938839,Husary,Al-Emran,3
003068.mp3,0.25209376,1672.05713,1541.853249,3049.954327,0.09508908,0.090144324,Husary,Al-Emran,3
003069.mp3,0.26969874,1495.063241,1543.537707,2858.446691,0.08883852,0.072532147,Husary,Al-Emran,3
003070.mp3,0.256777,1527.137407,1475.264658,2817.863159,0.096610166,0.080657087,Husary,Al-Emran,3
003071.mp3,0.2698956,1614.090883,1578.177572,2963.980693,0.09774059,0.086559191,Husary,Al-Emran,3
003072.mp3,0.26605266,1584.934463,1566.603174,2994.169576,0.10350592,0.079943403,Husary,Al-Emran,3
003073.mp3,0.24874467,1641.18616,1549.872727,2995.308098,0.08409237,0.0887657,Husary,Al-Emran,3
003074.mp3,0.28776458,1700.777284,1595.791523,3178.072136,0.067007095,0.095179404,Husary,Al-Emran,3
003075.mp3,0.2755301,1613.569348,1560.636348,3021.527432,0.07675127,0.081366841,Husary,Al-Emran,3
003076.mp3,0.2771224,1653.967303,1594.88041,3124.752174,0.07843547,0.082154965,Husary,Al-Emran,3
003077.mp3,0.2770551,1685.137665,1597.960701,3096.715574,0.08553565,0.088670395,Husary,Al-Emran,3
003078.mp3,0.2626387,1548.892674,1541.275972,2924.05729,0.07840126,0.077261069,Husary,Al-Emran,3
003079.mp3,0.27309656,1509.734837,1509.806517,2881.966606,0.07836868,0.075660938,Husary,Al-Emran,3
003080.mp3,0.28036776,1469.577237,1479.927208,2773.048072,0.068789616,0.074566919,Husary,Al-Emran,3
003081.mp3,0.26477212,1640.764395,1561.471387,3110.921186,0.084786244,0.086636604,Husary,Al-Emran,3
003082.mp3,0.27563483,1509.395108,1534.609755,2785.750488,0.0884916,0.079123347,Husary,Al-Emran,3
003083.mp3,0.2803384,1658.85816,1623.41335,3187.757931,0.083544455,0.08589835,Husary,Al-Emran,3
003084.mp3,0.26971394,1686.205972,1605.294615,3049.761272,0.09483835,0.091452809,Husary,Al-Emran,3
003085.mp3,0.28529292,1814.100481,1699.204322,3294.32159,0.08382243,0.097451355,Husary,Al-Emran,3
003086.mp3,0.26354006,1652.369352,1612.132086,3095.236579,0.08517105,0.085948917,Husary,Al-Emran,3
003087.mp3,0.26004192,1858.648881,1646.226137,3230.647131,0.109385826,0.107326134,Husary,Al-Emran,3
003088.mp3,0.26468113,1466.051548,1547.922645,2890.475575,0.07453669,0.065786483,Husary,Al-Emran,3
003089.mp3,0.2655976,1653.855488,1559.773264,3115.796437,0.08056867,0.086282768,Husary,Al-Emran,3
003090.mp3,0.23890062,1462.368483,1479.932753,2713.43398,0.08756443,0.082023558,Husary,Al-Emran,3
003091.mp3,0.2654365,1632.116958,1587.558704,3045.985727,0.08498969,0.082816417,Husary,Al-Emran,3
003092.mp3,0.24841546,1598.93338,1608.748507,3046.245893,0.07408898,0.076247946,Husary,Al-Emran,3
003093.mp3,0.27615848,1659.230882,1610.953336,3099.776367,0.08582865,0.088715123,Husary,Al-Emran,3
003094.mp3,0.25440413,1840.91778,1728.627912,3286.298077,0.110511005,0.102382764,Husary,Al-Emran,3
003095.mp3,0.25476128,1658.9993,1614.140999,3094.791949,0.075582504,0.08469481,Husary,Al-Emran,3
003096.mp3,0.26430404,1846.576548,1630.140916,3217.822677,0.10306765,0.10812906,Husary,Al-Emran,3
003097.mp3,0.25927332,1709.930897,1567.29794,3081.036684,0.0897529,0.092823911,Husary,Al-Emran,3
003098.mp3,0.24108629,1669.87393,1545.632952,2903.215778,0.10374632,0.094341077,Husary,Al-Emran,3
003099.mp3,0.25112802,1457.734242,1475.783589,2717.687857,0.08878616,0.07342813,Husary,Al-Emran,3
003100.mp3,0.21355537,941.3944637,1114.524063,1894.141846,0.12848543,0.037212512,Husary,Al-Emran,3
003101.mp3,0.25203982,1196.178493,1344.835719,2395.132364,0.12953578,0.052018037,Husary,Al-Emran,3
003102.mp3,0.26288083,1148.601079,1300.866377,2270.92199,0.14150347,0.055587617,Husary,Al-Emran,3
003103.mp3,0.26431277,1153.678016,1256.059175,2285.620153,0.13529108,0.057281618,Husary,Al-Emran,3
003104.mp3,0.2433949,1084.784969,1192.747856,2146.921131,0.13776171,0.05118487,Husary,Al-Emran,3
003105.mp3,0.23866981,1112.841477,1176.512044,2231.56185,0.13356484,0.055689567,Husary,Al-Emran,3
003106.mp3,0.24667594,1004.206806,1191.586412,1938.55802,0.13575551,0.047057526,Husary,Al-Emran,3
003107.mp3,0.23617159,1061.168582,1198.768198,2078.616038,0.1500232,0.048668836,Husary,Al-Emran,3
003108.mp3,0.25058374,1190.12927,1255.076786,2456.05325,0.14749306,0.061265749,Husary,Al-Emran,3
003109.mp3,0.26155865,1182.584487,1231.577442,2186.183738,0.15378267,0.066459994,Husary,Al-Emran,3
003110.mp3,0.22534752,1194.716244,1201.933576,2368.809733,0.17610316,0.066157483,Husary,Al-Emran,3
003111.mp3,0.2365188,1053.442149,1154.509206,2039.872808,0.16747239,0.054404663,Husary,Al-Emran,3
003112.mp3,0.24282135,1265.717444,1241.271535,2422.122661,0.19135422,0.071550206,Husary,Al-Emran,3
003113.mp3,0.23266976,1258.307392,1269.177191,2419.040625,0.1655107,0.070873242,Husary,Al-Emran,3
003114.mp3,0.2485199,1383.360615,1310.704255,2669.786026,0.18529549,0.077932901,Husary,Al-Emran,3
003115.mp3,0.23630865,1243.831167,1302.940777,2438.794105,0.16497204,0.062057612,Husary,Al-Emran,3
003116.mp3,0.23369294,1318.316918,1287.653734,2613.148489,0.18498832,0.074057979,Husary,Al-Emran,3
003117.mp3,0.26193595,1277.620114,1265.061078,2525.695174,0.18256545,0.070377016,Husary,Al-Emran,3
003118.mp3,0.26087603,1242.932844,1274.434773,2485.109402,0.17589423,0.067133039,Husary,Al-Emran,3
003119.mp3,0.24501784,1235.420042,1264.448766,2449.993467,0.17744562,0.068077572,Husary,Al-Emran,3
003120.mp3,0.24076682,1325.217613,1324.393254,2640.191122,0.18048759,0.068806737,Husary,Al-Emran,3
003121.mp3,0.24294434,1336.832348,1285.156882,2555.301105,0.18224421,0.076728989,Husary,Al-Emran,3
003122.mp3,0.23882762,1286.40453,1289.278966,2556.306736,0.18539475,0.070222124,Husary,Al-Emran,3
003123.mp3,0.22443563,1095.472222,1196.127352,2243.490601,0.16321358,0.053254395,Husary,Al-Emran,3
003124.mp3,0.2560168,1389.904455,1328.877563,2718.763435,0.18920502,0.071902566,Husary,Al-Emran,3
003125.mp3,0.2632054,1283.776708,1324.395632,2594.023601,0.16761723,0.06389299,Husary,Al-Emran,3
003126.mp3,0.25892517,1424.878213,1363.107687,2776.597267,0.18477637,0.081112697,Husary,Al-Emran,3
003127.mp3,0.25720283,1347.944677,1338.601398,2694.456232,0.18447016,0.076482008,Husary,Al-Emran,3
003128.mp3,0.2546009,1278.88633,1298.350598,2470.794275,0.17770694,0.065413878,Husary,Al-Emran,3
003129.mp3,0.27328944,1382.196809,1325.704132,2579.688933,0.16333775,0.08288157,Husary,Al-Emran,3
003130.mp3,0.2672336,1316.351765,1283.46488,2515.902004,0.17968887,0.076967561,Husary,Al-Emran,3
003131.mp3,0.2730644,1549.474326,1371.705076,2850.421599,0.16575873,0.097739661,Husary,Al-Emran,3
003132.mp3,0.26324397,1218.790301,1307.055175,2451.141392,0.16767272,0.06267552,Husary,Al-Emran,3
003133.mp3,0.25037014,1349.133738,1309.142835,2691.345152,0.16039924,0.071840267,Husary,Al-Emran,3
003134.mp3,0.2559392,1450.180793,1364.535679,2752.829122,0.19583246,0.082521609,Husary,Al-Emran,3
003135.mp3,0.26211774,1288.410782,1316.779268,2574.632813,0.19265918,0.069412435,Husary,Al-Emran,3
003136.mp3,0.2557801,1419.353904,1371.30073,2809.032782,0.18219592,0.075652165,Husary,Al-Emran,3
003137.mp3,0.25393483,1379.759074,1397.067029,2791.885778,0.20033135,0.068267791,Husary,Al-Emran,3
003138.mp3,0.2534743,1504.580333,1418.002278,2954.803124,0.20634009,0.080707185,Husary,Al-Emran,3
003139.mp3,0.2694825,1252.604514,1346.545788,2591.108421,0.17277983,0.057542456,Husary,Al-Emran,3
003140.mp3,0.2470936,1419.850735,1353.965635,2762.704551,0.20025413,0.082600503,Husary,Al-Emran,3
003141.mp3,0.25584802,1480.231442,1388.914761,2782.875051,0.18138045,0.082492318,Husary,Al-Emran,3
003142.mp3,0.25659502,1450.379821,1358.018787,2777.912273,0.21643153,0.078532795,Husary,Al-Emran,3
003143.mp3,0.22916491,1106.570519,1208.822137,2285.460189,0.18876196,0.049520753,Husary,Al-Emran,3
003144.mp3,0.25453833,1447.901723,1361.813684,2795.528253,0.2097873,0.082714937,Husary,Al-Emran,3
003145.mp3,0.26500055,1539.128563,1415.481502,2909.809195,0.18450172,0.089774381,Husary,Al-Emran,3
003146.mp3,0.25185856,1390.267817,1377.075158,2737.252583,0.19837545,0.073772881,Husary,Al-Emran,3
003147.mp3,0.26501584,1431.877223,1355.905132,2740.914676,0.21407849,0.083073987,Husary,Al-Emran,3
003148.mp3,0.25380978,1336.946839,1352.821473,2608.133075,0.19290188,0.072008861,Husary,Al-Emran,3
003149.mp3,0.24264708,1343.522495,1328.717807,2629.119933,0.20590775,0.074778206,Husary,Al-Emran,3
003150.mp3,0.23274603,1350.820108,1374.382296,2755.914776,0.20641541,0.064056955,Husary,Al-Emran,3
003151.mp3,0.27733085,1431.100768,1348.370089,2670.766262,0.19831985,0.087368659,Husary,Al-Emran,3
003152.mp3,0.24511755,1242.780491,1283.720704,2426.896971,0.19617921,0.064837402,Husary,Al-Emran,3
003153.mp3,0.24338417,1232.757676,1263.666354,2427.562758,0.19499151,0.065546138,Husary,Al-Emran,3
003154.mp3,0.2513067,1327.791157,1317.221071,2573.966951,0.1952684,0.071645932,Husary,Al-Emran,3
003155.mp3,0.24334206,1368.596554,1349.11224,2641.334557,0.20025633,0.074929942,Husary,Al-Emran,3
003156.mp3,0.24343431,1355.519845,1318.66302,2658.031564,0.21071848,0.076403344,Husary,Al-Emran,3
003157.mp3,0.2484304,1341.395738,1330.824679,2675.817153,0.20396636,0.069306766,Husary,Al-Emran,3
003158.mp3,0.25024816,1241.577056,1334.293089,2685.122904,0.18219282,0.057451308,Husary,Al-Emran,3
003159.mp3,0.25413838,1322.361116,1328.180231,2652.668024,0.19878553,0.068661821,Husary,Al-Emran,3
003160.mp3,0.2360829,1287.697647,1316.776673,2564.522237,0.20645377,0.065109607,Husary,Al-Emran,3
003161.mp3,0.26342222,1379.150045,1316.642117,2665.128337,0.20686473,0.077762452,Husary,Al-Emran,3
003162.mp3,0.27484053,1408.626838,1337.653864,2686.447165,0.20380387,0.086292106,Husary,Al-Emran,3
003163.mp3,0.24108417,1107.493457,1230.283477,2296.818736,0.16586687,0.054816542,Husary,Al-Emran,3
003164.mp3,0.25929102,1420.588208,1370.649138,2774.967458,0.20159613,0.074161575,Husary,Al-Emran,3
003165.mp3,0.25096112,1374.110354,1345.684483,2761.997907,0.21114185,0.071085079,Husary,Al-Emran,3
003166.mp3,0.26222688,1459.294691,1402.191029,2843.263936,0.20271601,0.08201647,Husary,Al-Emran,3
003167.mp3,0.2436361,1299.163834,1303.651728,2498.106912,0.20450109,0.069987382,Husary,Al-Emran,3
003168.mp3,0.24115293,1307.175262,1307.095907,2623.979204,0.21264817,0.070495195,Husary,Al-Emran,3
003169.mp3,0.26098192,1487.568605,1344.563823,2815.01413,0.20691992,0.090834128,Husary,Al-Emran,3
003170.mp3,0.25839886,1359.582985,1311.378844,2640.869662,0.20587596,0.072042501,Husary,Al-Emran,3
003171.mp3,0.24112439,1113.528323,1251.036141,2435.512519,0.1880422,0.046178341,Husary,Al-Emran,3
003172.mp3,0.31360278,1614.652967,1796.018221,3428.163302,0.105387814,0.064618809,Husary,Al-Emran,3
003173.mp3,0.26930445,1364.190793,1477.208,2849.696539,0.10056052,0.058453854,Husary,Al-Emran,3
003174.mp3,0.26454088,1388.082022,1571.644082,2916.367967,0.109008506,0.058757789,Husary,Al-Emran,3
003175.mp3,0.28207633,1446.69997,1600.54251,3038.096401,0.12699632,0.059294142,Husary,Al-Emran,3
003176.mp3,0.2818865,1415.684613,1505.420033,2888.0179,0.12603413,0.064387442,Husary,Al-Emran,3
003177.mp3,0.2613391,1447.272274,1496.835761,2879.187416,0.12438971,0.063862395,Husary,Al-Emran,3
003178.mp3,0.26377028,1541.845513,1547.414884,3077.006442,0.12648056,0.074348249,Husary,Al-Emran,3
003179.mp3,0.2641252,1572.697559,1550.254675,3095.995191,0.11731976,0.076189379,Husary,Al-Emran,3
003180.mp3,0.26488307,1529.338701,1492.593285,2955.184362,0.13324638,0.079932049,Husary,Al-Emran,3
003181.mp3,0.23478621,1537.895127,1455.416533,3061.45071,0.13556726,0.086230354,Husary,Al-Emran,3
003182.mp3,0.2959008,1704.574537,1586.930937,3236.033462,0.12996922,0.087433883,Husary,Al-Emran,3
003183.mp3,0.24472317,1576.588281,1441.890271,3029.690537,0.14520246,0.086146129,Husary,Al-Emran,3
003184.mp3,0.2607725,1616.002352,1522.718768,3112.129544,0.15185694,0.084800735,Husary,Al-Emran,3
003185.mp3,0.26286212,1544.731308,1468.963592,2911.618116,0.15458411,0.08794045,Husary,Al-Emran,3
003186.mp3,0.27132413,1581.54427,1501.122177,3039.862888,0.15196651,0.084831219,Husary,Al-Emran,3
003187.mp3,0.26744458,1534.965775,1474.791306,3011.894653,0.15814681,0.084433882,Husary,Al-Emran,3
003188.mp3,0.2901961,1630.445012,1505.856099,3094.739325,0.15285031,0.092555217,Husary,Al-Emran,3
003189.mp3,0.273738,1651.293771,1497.478949,3038.416733,0.15610911,0.09231297,Husary,Al-Emran,3
003190.mp3,0.29852444,1669.772839,1498.430876,3041.641378,0.16352667,0.100451734,Husary,Al-Emran,3
003191.mp3,0.28571764,1650.629399,1522.772389,3137.438517,0.16925643,0.09789783,Husary,Al-Emran,3
003192.mp3,0.27319846,1507.10408,1484.730994,2982.783749,0.1517031,0.08129378,Husary,Al-Emran,3
003193.mp3,0.25900957,1610.229915,1453.359948,2967.448239,0.16849983,0.093161843,Husary,Al-Emran,3
003194.mp3,0.27241242,1666.576177,1513.415396,3134.262403,0.1782417,0.097261182,Husary,Al-Emran,3
003195.mp3,0.25869983,1564.779574,1436.819697,2966.357292,0.16954783,0.087996132,Husary,Al-Emran,3
003196.mp3,0.2809552,1676.846107,1469.44511,3103.868048,0.18238074,0.103398404,Husary,Al-Emran,3
003197.mp3,0.2704737,1735.84652,1545.349777,3234.037833,0.16748485,0.104119963,Husary,Al-Emran,3
003198.mp3,0.2548747,1629.138983,1472.579444,3071.320431,0.16461372,0.092676586,Husary,Al-Emran,3
003199.mp3,0.28100792,1795.214207,1539.531415,3216.173054,0.1889436,0.112282639,Husary,Al-Emran,3
003200.mp3,0.25584102,1570.139381,1469.108692,2998.647245,0.19223925,0.089910653,Husary,Al-Emran,3
