filename,chroma_stft,spectral_centroid,spectral_bandwidth,spectral_rolloff,rmse,zero_crossing_rate
abdulbari_001.wav,0.4332119,1591.2215342036116,2031.764673568337,3102.0772298177085,0.015412872,0.0647876880787037
abdulbari_002.wav,0.24735062,1704.8220322105597,2008.021792875692,3175.4496256510415,0.0432211,0.08129430700231481
abdulbari_003.wav,0.29521397,2014.4222925498443,2053.265725789385,3743.9860026041665,0.034613505,0.10482222945601852
abdulbari_004.wav,0.2961245,1985.4797355823523,2067.4920870659867,3855.4402669270835,0.034366306,0.10175238715277778
abdulbari_005.wav,0.3937158,1724.7275229215575,2059.441919973969,3177.8422037760415,0.02395775,0.07551179108796297
abdulbari_006.wav,0.32350475,1998.766027907561,2034.8318722014371,3649.0804036458335,0.053140994,0.11602105034722222
abdulbari_007.wav,0.28727245,1598.4022129610767,1877.4758095388834,3017.1407063802085,0.038963277,0.07511845341435185
abdulbari_008.wav,0.3023991,1944.5777161186925,2052.0171579711914,3627.74658203125,0.035838407,0.10701949508101852
abdulbari_009.wav,0.32179016,1761.3430285498757,2046.5755623173902,3218.5160319010415,0.03068994,0.08113154658564815
abdulbari_010.wav,0.26441434,1969.7254854365835,1894.2948734390507,3651.67236328125,0.056202535,0.12047887731481481
abdulbari_011.wav,0.3522979,1826.4859726805919,1821.1789031988508,3274.1434733072915,0.034902927,0.10411241319444445
abdulbari_012.wav,0.34286225,1749.3747308104762,1901.9611567728982,3251.513671875,0.02886422,0.0903591579861111
abdulbari_013.wav,0.35656187,1821.4279639211702,1895.927229543602,3270.4549153645835,0.031656202,0.09977213541666667
abdulbari_014.wav,0.30397117,1893.7850233284835,1864.2895689299414,3371.3419596354165,0.037934568,0.11738642939814815
abdulbari_015.wav,0.29747796,2107.411268857975,1970.9306066134345,3899.2045084635415,0.041904192,0.1281060112847222
abdulbari_016.wav,0.3860183,1495.1546724303726,1654.8578037986126,2616.0847981770835,0.05720703,0.08781376591435185
abdulbari_017.wav,0.2957523,1746.822136789117,1829.460427480948,3023.62060546875,0.027993573,0.09826208043981481
abdulbari_018.wav,0.30687878,1801.8774650888795,1973.060033191975,3352.6997884114585,0.045277793,0.08757866753472222
abdulbari_019.wav,0.3244393,1565.4381808097507,1789.6610658618595,2726.4424641927085,0.055412874,0.08202672887731481
abdulbari_020.wav,0.4245012,1479.8830700796987,1754.5106835391505,2704.4108072916665,0.05687007,0.0797390407986111
abdulbari_021.wav,0.37507492,1766.2784934180963,2023.3817029544705,3369.7469075520835,0.04815519,0.0989990234375
abdulbari_022.wav,0.39238334,1605.279289532399,1819.0951549443282,2852.1525065104165,0.06037219,0.0894504123263889
abdulbari_023.wav,0.37150946,1496.960748667212,1755.0396580166096,2776.287841796875,0.08103729,0.07376663773148148
abdulbari_024.wav,0.3380812,2579.521411891688,2419.092372312255,5123.805745442708,0.05088375,0.14723940248842593
abdulbari_025.wav,0.39114392,1939.2225354473503,2168.0202054279152,3594.25048828125,0.04130456,0.09360984519675926
abdulbari_026.wav,0.31041184,1952.1982489655272,2033.9437574596932,3841.6829427083335,0.039854906,0.10417118778935185
abdulbari_027.wav,0.3517954,1709.1501087651195,1878.7505089905983,3335.4532877604165,0.04071832,0.09150752314814815
abdulbari_028.wav,0.26463154,1681.194222661543,1785.9674302797705,2980.1554361979165,0.04175372,0.09201841001157407
abdulbari_029.wav,0.37107754,1936.6630189890875,2040.2111344530765,3652.4698893229165,0.030200614,0.0951877170138889
abdulbari_030.wav,0.29826328,2208.9136614474187,1953.1079155638529,4035.4817708333335,0.036340944,0.14097764756944445
abdulbari_031.wav,0.3410074,1749.9405129304544,1947.1059546701392,3392.67578125,0.035185583,0.08316605179398148
abdulbari_032.wav,0.3918755,2055.5451664975885,2073.0897953590047,3927.5166829427085,0.031069884,0.1073314525462963
abdulbari_033.wav,0.30384493,1992.1527873602636,2077.084581448568,3885.546875,0.036505587,0.09124529803240741
abdulbari_034.wav,0.32578772,1838.2425775127124,1882.949976127151,3484.19189453125,0.05073954,0.09816713686342593
abdulbari_035.wav,0.3791371,1682.4457338607406,1785.4627169040925,3019.8323567708335,0.035960477,0.09138093171296297
abdulbari_036.wav,0.26194486,1759.0373442492667,1758.3917163554445,3003.28369140625,0.04411853,0.10718677662037036
abdulbari_037.wav,0.3220596,1671.5364344864047,1891.4608749856268,3116.5323893229165,0.03794453,0.0857837818287037
abdulbari_038.wav,0.32672146,1952.1365017980204,2126.785326761657,3911.26708984375,0.04478322,0.09983543113425926
abdulbari_039.wav,0.30750233,1626.913281295874,1863.1833630795547,2951.544189453125,0.044503447,0.07829228153935185
abdulbari_040.wav,0.31363225,2133.955854973871,2082.832673872855,4226.987711588542,0.05598743,0.12328197337962964
abdulbari_041.wav,0.30277807,1904.2976576882702,1981.039465255538,3675.0,0.05305941,0.11002604166666667
abdulbari_042.wav,0.28712255,1832.5061160884768,2143.1686658991944,3859.9263509114585,0.034886118,0.0749195240162037
abdulbari_043.wav,0.33443636,2255.7003755721516,2196.0396828948715,4140.456136067708,0.043125995,0.11500379774305555
abdulbari_044.wav,0.2356902,1744.7607678263041,1980.3146323225901,3150.3275553385415,0.038645677,0.0815700954861111
abdulbari_045.wav,0.30349445,2227.880374334934,2094.1631604907416,4129.390462239583,0.044367816,0.1318042896412037
abdulbari_046.wav,0.25983238,1912.514733253357,2027.8973931524845,3581.8888346354165,0.039606247,0.0894458912037037
abdulbari_047.wav,0.36446217,2104.071874425328,2043.2738400574249,3866.3065592447915,0.037470147,0.1268627025462963
abdulbari_048.wav,0.4980834,1910.0339105954602,2049.4640627955932,3553.7760416666665,0.050049797,0.10599320023148148
abdulbari_049.wav,0.36405912,3122.2473893771416,2740.28286035214,5890.926106770833,0.020703077,0.19676378038194445
abdulbari_050.wav,0.2850725,2668.994024768986,2698.288449300583,5023.118082682292,0.02235251,0.1491382740162037
abdulbari_051.wav,0.45406133,2915.1419095218885,2527.218479446394,5092.6025390625,0.038450297,0.19614438657407407
abdulbari_052.wav,0.33760503,2898.169362138572,2774.03705172847,5593.349202473958,0.034390915,0.17886917679398148
abdulbari_053.wav,0.36866215,3111.6881239148784,2778.856739837649,6175.642903645833,0.042255554,0.20543981481481483
abdulbari_054.wav,0.26639965,3168.964098100732,3078.670450061098,7304.241943359375,0.03397393,0.1825222439236111
abdulbari_055.wav,0.32505646,3769.7568559765737,3051.476321975272,7893.115234375,0.061696082,0.25068721064814814
abdulbari_056.wav,0.4261778,3115.128688138037,2586.7290988513964,5514.29443359375,0.048824858,0.2153953269675926
abdulbari_057.wav,0.38853386,3186.3139768550714,2803.27000762641,6376.220703125,0.045283955,0.23093894675925927
abdulbari_058.wav,0.33805966,3090.68500104545,2760.1406097084428,6052.425130208333,0.047638863,0.20334653501157407
abdulbari_059.wav,0.35679072,3349.8130383329594,2758.7224866233673,6442.814127604167,0.05170858,0.21370442708333334
abdulbari_060.wav,0.37303057,3683.167803082903,2814.3491496161982,7224.589029947917,0.06999741,0.2533908420138889
abdulbari_061.wav,0.3624994,2960.5244910480947,2618.5450387374026,5452.08740234375,0.047885265,0.1898781105324074
abdulbari_062.wav,0.353131,3570.772356202495,3038.3932889885737,7528.84521484375,0.046473473,0.24726472077546297
abdulbari_063.wav,0.28183818,3640.452656556715,3006.4195087287176,7665.920003255208,0.054656193,0.21708170572916666
abdulbari_064.wav,0.32477733,3340.7162548435404,2966.4884835457906,7155.403645833333,0.04843069,0.21433738425925927
abdulbari_065.wav,0.358211,3180.737747808167,2549.8019643240996,5519.877115885417,0.100124806,0.2245460792824074
abdulbari_066.wav,0.30280185,3329.951467032915,2442.230561432419,5226.188151041667,0.09553278,0.2427074291087963
abdulbari_067.wav,0.36965925,2961.6843587433864,2240.2405748817723,4863.812255859375,0.09270676,0.21178747106481483
abdulbari_068.wav,0.33973765,3096.186049053178,2460.596173972876,5389.182535807292,0.09544053,0.21216724537037038
abdulbari_069.wav,0.3147761,3794.425371304314,2869.036049038148,7144.637044270833,0.10048315,0.24510814525462962
abdulbari_070.wav,0.2936872,3239.3757959350746,2641.7031562138623,6151.418050130208,0.05261822,0.20363136574074073
abdulbari_071.wav,0.34708148,3182.6080745946565,2618.245934704113,5661.637369791667,0.029832326,0.2208523220486111
abdulbari_072.wav,0.3654191,2805.5415796031584,2352.5767085348148,4814.166259765625,0.027021213,0.19529441550925927
abdulbari_073.wav,0.3636446,2891.1056924557856,2380.5480733939194,4734.31396484375,0.029013557,0.21091941550925927
abdulbari_074.wav,0.3924734,2930.495377366082,2616.6978157155454,5407.126871744792,0.02154207,0.19618959780092593
abdulbari_075.wav,0.3984733,3778.9365237219936,2869.9855042025943,7320.491536458333,0.033096068,0.2738579644097222
abdulbari_076.wav,0.37783626,2935.8946657082115,2517.8924114519273,4964.300537109375,0.026947143,0.2010769314236111
abdulbari_077.wav,0.40206185,3552.0254613725506,2834.2175461009674,6759.431966145833,0.025047828,0.24340368200231483
abdulbari_078.wav,0.37081915,3417.976549233257,2839.044281834034,6868.593343098958,0.030909352,0.22737178096064814
abdulbari_079.wav,0.3698475,3794.5873845234983,2742.2280660572983,6775.78125,0.039748877,0.2755126953125
abdulbari_080.wav,0.38299963,3231.759556821678,2715.1603589595393,6190.995279947917,0.027619116,0.20743362991898148
abdulbari_081.wav,0.34867087,3141.3439448119084,2470.8881326214478,5439.5263671875,0.033778146,0.23217321325231483
abdulbari_082.wav,0.37201422,3392.3474981647614,2848.8760769777823,6740.989176432292,0.028864454,0.2344021267361111
abdulbari_083.wav,0.38581148,3739.8873249885237,2677.292452515905,6643.990071614583,0.040058974,0.29649070457175924
abdulbari_084.wav,0.38432613,3239.3962852052646,2761.7002082563217,6069.671630859375,0.02792974,0.21748408564814814
abdulbari_085.wav,0.37994602,3733.9256305330614,2664.82635904745,6618.46923828125,0.040732056,0.27849211516203703
abdulbari_086.wav,0.38498875,3260.599359380015,2415.9489072235992,5236.057535807292,0.03888464,0.2457953559027778
abdulbari_087.wav,0.35697308,3021.5504259791846,2625.3212126408366,5780.767822265625,0.025853183,0.19712999131944445
abdulbari_088.wav,0.397714,3009.869123900277,2601.950099904582,5808.282470703125,0.022341058,0.2001636646412037
abdulbari_089.wav,0.35775056,3237.8625026965724,2516.1011894298254,5627.94189453125,0.04156323,0.246826171875
abdulbari_090.wav,0.3819895,3286.0055054230374,2532.6272814000617,5523.166910807292,0.034233004,0.2636040581597222
abdulbari_091.wav,0.34707692,3293.69048902746,2585.335754511775,5913.755289713542,0.034711685,0.23546459056712962
abdulbari_092.wav,0.36829305,3630.209069406604,2806.172092247071,6963.997395833333,0.03910919,0.2785101996527778
abdulbari_093.wav,0.35216668,3499.051496304393,2783.742523313538,6693.636067708333,0.037341148,0.23697916666666666
abdulbari_094.wav,0.42840567,3012.6063095736436,2691.1441831913157,5682.373046875,0.03535742,0.19947645399305555
abdulbari_095.wav,0.37669402,3358.3081143034215,2788.625221699186,6572.113037109375,0.03640962,0.23848017939814814
abdulbari_096.wav,0.33078215,3775.4149792846792,2929.4373618917825,7382.997639973958,0.043043256,0.2452709056712963
abdulbari_097.wav,0.2986665,1839.3339843980718,2470.2505091047033,3600.9297688802085,0.07688783,0.08256022135416667
abdulbari_098.wav,0.24824375,1500.741557692256,2006.3086612490883,2844.0775553385415,0.18901575,0.06437174479166667
abdulbari_099.wav,0.23822416,1696.1717305365191,2198.896787062371,3208.9457194010415,0.1569129,0.07459852430555555
abdulbari_100.wav,0.2846074,1452.2612932971024,2005.2137987352805,2658.5530598958335,0.14359385,0.062441225405092594
abdulbari_101.wav,0.29426697,1512.5603735521725,2141.3382896862076,2382.9081217447915,0.19910549,0.07276746961805555
abdulbari_102.wav,0.25971317,1272.5354501748898,1859.3418240294345,2114.0421549479165,0.19207737,0.05701135706018518
abdulbari_103.wav,0.25719684,1207.734777594981,1709.9006128309863,1998.5005696614583,0.19531164,0.05958387586805555
abdulbari_104.wav,0.2872936,1309.2430990164266,1830.2121651979833,2315.118408203125,0.16960682,0.06150987413194445
abdulbari_105.wav,0.30880964,1233.5515162552547,1778.6701430200144,1932.904052734375,0.16511133,0.05579969618055555
abdulbari_106.wav,0.23540735,1382.8930474876486,1881.4018351957432,2412.615966796875,0.19262496,0.06227846498842592
abdulbari_107.wav,0.26811785,1284.3351528941182,1672.1206276812923,1969.989013671875,0.21541685,0.06781684027777778
abdulbari_108.wav,0.36348808,1555.6150756432926,2054.754675781102,2750.1688639322915,0.17054087,0.0729709201388889
abdulbari_109.wav,0.23817447,1335.0424753347836,1801.5810361600913,2295.7784016927085,0.21178418,0.06682671440972222
abdulbari_110.wav,0.28744775,1235.1453136131934,1759.6989481977255,2080.94482421875,0.1942025,0.05861183449074074
abdulbari_111.wav,0.30824748,1347.9010380489494,1904.4989770795987,2309.136962890625,0.17382704,0.05942111545138889
abdulbari_112.wav,0.3050862,1377.3131688517071,1901.1839545378873,2374.2350260416665,0.17763007,0.06254973234953703
abdulbari_113.wav,0.30695027,1211.5517334580418,1790.9310855046513,2011.3606770833333,0.16458434,0.056939019097222224
abdulbari_114.wav,0.33644795,1523.179701351588,2037.638508636407,2848.1648763020835,0.19677599,0.07080982349537036
abdulbari_115.wav,0.29181996,1234.5101795356147,1712.9639875353791,2134.2793782552085,0.18911144,0.05594437210648148
abdulbari_116.wav,0.37266725,1175.719699469719,1768.5863421642873,2087.1256510416665,0.2538698,0.04789677372685185
abdulbari_117.wav,0.26666972,1267.9638387011562,1836.7319206896946,2217.5211588541665,0.24343741,0.05189796730324074
abdulbari_118.wav,0.28957334,1259.9062265387647,1955.9688432866224,2287.4043782552085,0.22465126,0.048909505208333336
abdulbari_119.wav,0.27118543,1351.4550574355667,1727.0133369575688,2228.7862141927085,0.1934788,0.08092809606481481
abdulbari_120.wav,0.25344393,1477.5567024963264,1917.4711046121,2669.219970703125,0.15273425,0.0675998263888889
abdulbari_121.wav,0.23806222,1867.4550746885175,2238.989592791473,3469.7367350260415,0.15720546,0.0906665943287037
abdulbari_122.wav,0.24978264,1724.851070206752,2095.4223058041393,3230.57861328125,0.15148966,0.07878056278935185
abdulbari_123.wav,0.28616267,1826.2996720660942,2263.4367871833056,3576.30615234375,0.13571203,0.07984754774305555
abdulbari_124.wav,0.2141095,1382.9065957615442,2085.4192189238133,2333.1624348958335,0.19164036,0.05759458188657408
abdulbari_125.wav,0.232633,1480.1448112331836,2135.627568355465,2560.4573567708335,0.19951455,0.06601743344907407
abdulbari_126.wav,0.24123034,1307.6373203597727,2002.367299279909,2286.0087076822915,0.24008101,0.05238172743055555
abdulbari_127.wav,0.23993103,816.3069091366839,1376.4313215282755,1189.2110188802083,0.1800944,0.04085738570601852
abdulbari_128.wav,0.25920874,1369.1713075705804,1891.491778187014,2439.3330891927085,0.22457257,0.0646656177662037
abdulbari_129.wav,0.2760069,1342.1880192419806,1829.3829794801431,2464.35546875,0.20769246,0.056111653645833336
abdulbari_130.wav,0.24428506,1337.968307938083,1829.0611854611077,2236.3627115885415,0.16624683,0.05528428819444445
abdulbari_131.wav,0.32352096,1323.7867895765437,1711.230480095433,2213.8326009114585,0.16856605,0.054619683159722224
abdulbari_132.wav,0.2613277,1722.2229172601028,2213.682754356113,3282.916259765625,0.17733365,0.07449905960648148
abdulbari_133.wav,0.23661245,1537.8379219238961,2026.2231269286117,2783.16650390625,0.22491686,0.06353533709490741
abdulbari_134.wav,0.30071938,1416.220571982626,1790.1515012724185,2527.459716796875,0.18017022,0.0684814453125
abdulbari_135.wav,0.27878398,1570.633835377875,2020.945281694992,2834.906005859375,0.19286458,0.0732150607638889
abdulbari_136.wav,0.25647512,1427.1811460920019,1852.2788906699425,2426.8717447916665,0.18617223,0.06960268373842593
abdulbari_137.wav,0.2878884,1624.6808951450453,1937.16152522609,2944.5658365885415,0.17364372,0.07731571903935185
abdulbari_138.wav,0.28617346,1494.7779678404122,1862.8131405391705,2533.6405436197915,0.19459051,0.0692455150462963
abdulbari_139.wav,0.25142467,1714.8653382782252,2266.4117593973506,3315.6148274739585,0.19251506,0.07543493200231481
abdulbari_140.wav,0.27860883,1303.7704719403523,1619.4202410198473,2122.81494140625,0.18726097,0.07313368055555555
abdulbari_141.wav,0.25995216,1578.6877907197506,1896.4839932420577,2984.7412109375,0.19148777,0.08144350405092593
abdulbari_142.wav,0.2653218,1725.9030035572227,2039.8608529194814,3294.9788411458335,0.16096948,0.09001103153935185
abdulbari_143.wav,0.31118214,1327.126267893658,1795.2309400807897,2453.0904134114585,0.17073815,0.05937138310185185
abdulbari_144.wav,0.2263861,1181.3961584642948,1539.1718761616967,1952.8422037760417,0.18976845,0.06025752314814815
abdulbari_145.wav,0.2465793,1515.092729747576,1883.9780216912359,2921.5372721354165,0.03284113,0.07843243634259259
abdulbari_146.wav,0.27109477,1251.4523302661953,1574.8424683834496,2336.1531575520835,0.07662705,0.06455258969907407
abdulbari_147.wav,0.26646227,1434.4758301010404,1697.2553303293103,2923.6307779947915,0.08144879,0.06968858506944445
abdulbari_148.wav,0.22108692,1243.1223164133573,1555.2480580440474,2593.853759765625,0.12955253,0.05593532986111111
abdulbari_149.wav,0.31224835,1487.745346189031,1799.7597680245256,3139.5609537760415,0.073208615,0.0740650318287037
abdulbari_150.wav,0.27618515,1345.2261200610187,1650.2462181416222,2649.18212890625,0.10889321,0.06365288628472222
abdulbari_151.wav,0.2673319,1520.1509315298742,1811.1796796688516,3078.0517578125,0.09333364,0.07528121383101852
abdulbari_152.wav,0.24565205,1391.7951219462823,1687.4045589955147,2680.28564453125,0.118992046,0.0708324291087963
abdulbari_153.wav,0.2555133,1411.8537919672779,1796.6189719790711,2737.2090657552085,0.09750554,0.06358959056712964
abdulbari_154.wav,0.2599203,1389.8472397176738,1701.5164220188797,2812.6749674479165,0.1037635,0.07249168113425926
abdulbari_155.wav,0.3130812,1369.7333313216336,1647.0404123932594,2796.7244466145835,0.07259822,0.07420518663194445
abdulbari_156.wav,0.23631075,1269.8022720318816,1624.0915698618162,2539.5222981770835,0.12272625,0.05565954137731482
abdulbari_157.wav,0.2884914,1313.5842211194342,1700.6999161085287,2554.376220703125,0.11293592,0.061197916666666664
abdulbari_158.wav,0.28542852,1664.542692311262,1955.0823709263464,3528.45458984375,0.092629865,0.08312084056712964
abdulbari_159.wav,0.2426115,1326.820249298201,1674.563307842103,2517.6900227864585,0.12458829,0.05588559751157408
abdulbari_160.wav,0.2979839,1376.2284921755122,1732.3532989293712,2714.3798828125,0.112901255,0.06372522424768519
abdulbari_161.wav,0.2589015,1561.0728784763241,1943.8956941716137,3057.71484375,0.09523075,0.07282172309027778
abdulbari_162.wav,0.25784117,1519.17265235846,1743.281482093413,3056.817626953125,0.11222106,0.0843777126736111
abdulbari_163.wav,0.30741468,1539.2332812407765,1821.5810999343903,3215.924072265625,0.081518665,0.0839572482638889
abdulbari_164.wav,0.27440804,1463.582512981632,1706.6232414431531,2906.1848958333335,0.09900754,0.08558937355324074
abdulbari_165.wav,0.2652307,1581.5516896583006,1803.25904668578,3322.2941080729165,0.08939425,0.08622685185185185
abdulbari_166.wav,0.25275168,1543.0131740559357,1776.184710311435,3279.7261555989585,0.112674884,0.08797200520833333
abdulbari_167.wav,0.3017592,1585.5773757085528,1869.3847023787548,3141.156005859375,0.09870235,0.0859103732638889
abdulbari_168.wav,0.24193484,1574.5351934056914,1705.7848847786765,3344.22607421875,0.11599699,0.0947582103587963
abdulbari_169.wav,0.2463135,1524.9485226154868,1659.5211222090904,3161.7919921875,0.110170014,0.08824327256944445
abdulbari_170.wav,0.26781473,1162.3072762820564,1596.8363243814772,2027.410888671875,0.122973405,0.05031557436342592
abdulbari_171.wav,0.2590678,1553.0932659206605,1799.5442170533108,3259.1898600260415,0.08527923,0.08565266927083333
abdulbari_172.wav,0.2575436,1296.7029082417228,1634.554878146865,2529.7526041666665,0.105373345,0.061830873842592594
abdulbari_173.wav,0.26282573,1615.3021960117296,1836.7795281175045,3324.188232421875,0.106931634,0.08235677083333333
abdulbari_174.wav,0.24290045,1267.1138528214187,1600.189849762061,2362.6708984375,0.105463155,0.059538664641203706
abdulbari_175.wav,0.25101268,1451.9431511801977,1777.983731146072,2726.4424641927085,0.12472264,0.07185872395833333
abdulbari_176.wav,0.3211186,1651.7602728463844,1893.1052090622522,3383.9029947916665,0.08687996,0.08452690972222222
abdulbari_177.wav,0.27819622,1535.1855354249258,1836.2694795420978,3186.614990234375,0.09781467,0.07413736979166667
abdulbari_178.wav,0.26837644,1220.9127092007227,1550.7986580721815,2205.059814453125,0.118763715,0.056364836516203706
abdulbari_179.wav,0.3100038,1823.245558665301,1854.4117176293812,3682.3771158854165,0.09004823,0.1181324146412037
abdulbari_180.wav,0.25590688,1682.0589440719802,1827.8872559299305,3469.83642578125,0.10518662,0.09964554398148148
abdulbari_181.wav,0.28892842,1482.616843360095,1772.9394862350177,2956.4290364583335,0.099874385,0.07591869212962964
abdulbari_182.wav,0.31917825,1506.2577152047234,1767.2635847960264,3105.4667154947915,0.08869979,0.07878056278935185
abdulbari_183.wav,0.2584718,1438.2416973970805,1695.61736178312,3102.3763020833335,0.10759404,0.0732693142361111
abdulbari_184.wav,0.2915022,1718.9901473079594,1962.0155190853989,3581.2906901041665,0.078749724,0.09517415364583333
abdulbari_185.wav,0.27122977,1437.3053510622576,1715.7992115858945,2971.9807942708335,0.10679785,0.07496021412037036
abdulbari_186.wav,0.29643714,1859.117489074198,2063.2766812966133,3810.8784993489585,0.08222881,0.11851671006944445
abdulbari_187.wav,0.2590261,1455.3467515612522,1741.1710022099185,2890.3340657552085,0.100571856,0.07574688946759259
abdulbari_188.wav,0.3244376,1424.557213869247,1709.4056407041976,2936.8896484375,0.094267525,0.07387062355324074
abdulbari_189.wav,0.26056644,1646.2059188297997,1894.7116092162853,3534.5357259114585,0.106527396,0.09063042534722222
abdulbari_190.wav,0.26036957,1482.3995179048031,1867.3953796755432,3095.1985677083335,0.10335645,0.06708893952546297
abdulbari_191.wav,0.22248743,1254.5284214180522,1659.492774731196,2356.2906901041665,0.12542957,0.05504014756944445
abdulbari_192.wav,0.30093977,1414.9940697105453,1695.0118622115162,2809.3851725260415,0.095910825,0.07820638020833333
abdulbari_193.wav,0.3960694,1717.7514828908566,2134.574979644887,3531.5450032552085,0.03568086,0.08702256944444445
abdulbari_194.wav,0.36865216,1817.713668375094,2114.9203363761394,3773.394775390625,0.07495993,0.09844292534722222
abdulbari_195.wav,0.32231313,1668.36635552815,2051.233858539878,3387.1927897135415,0.07499217,0.0821533203125
abdulbari_196.wav,0.402069,1676.740078554561,2171.7002534841904,3247.2269694010415,0.05855442,0.07417805989583333
abdulbari_197.wav,0.33359057,2743.45699775712,2488.074464755531,5187.906901041667,0.07184081,0.18105287905092593
abdulbari_198.wav,0.3299153,1928.1267120145255,2145.9783413022965,3799.114990234375,0.069979705,0.0988498263888889
abdulbari_199.wav,0.4391259,2202.3562754760796,2476.1451728872858,4786.153157552083,0.072471865,0.10376428674768519
abdulbari_200.wav,0.42744073,1905.2029569421682,2165.730150494702,3658.7504069010415,0.06469323,0.09697808159722222
abdulbari_201.wav,0.37642798,1906.7027169028215,2071.8669830917206,3885.0484212239585,0.09715978,0.11421260127314815
abdulbari_202.wav,0.4490025,2090.6194426170855,2525.660717797893,4487.379964192708,0.10867817,0.08035843460648148
abdulbari_203.wav,0.42652407,1329.7598614534513,1855.7685553631973,2909.7737630208335,0.15807647,0.047290943287037035
abdulbari_204.wav,0.50777453,1197.6588313187958,1849.2662697432065,2513.6027018229165,0.14112411,0.04051830150462963
abdulbari_205.wav,0.492459,2111.344865386241,2536.4179476317736,4420.88623046875,0.15797159,0.07533094618055555
abdulbari_206.wav,0.37237173,1522.6007754187322,1912.4470583694874,3517.08984375,0.118143514,0.07293475115740741
abdulbari_207.wav,0.41916186,1391.217831827739,1883.8582744826094,2960.1175944010415,0.092445165,0.058837890625
abdulbari_208.wav,0.38622886,1589.9074553303683,2120.464474910225,3215.625,0.09113137,0.07182255497685185
abdulbari_209.wav,0.44462377,1734.2689727308966,2039.4712195802128,3233.270263671875,0.105835535,0.08760579427083333
abdulbari_210.wav,0.47011444,1993.6292032810497,2381.3607011190584,4247.324625651042,0.11529175,0.0741871021412037
abdulbari_211.wav,0.44710338,1724.852330621032,2146.0530571752693,3563.446044921875,0.10395061,0.07720721209490741
abdulbari_212.wav,0.4210514,1744.5483617910447,2105.2354697440664,3623.6592610677085,0.104203455,0.0743724681712963
abdulbari_213.wav,0.43001395,1288.7965607674196,1847.922387236142,2647.98583984375,0.095807515,0.04661729600694445
abdulbari_214.wav,0.42531982,1709.0963003982688,2175.735071419175,3514.8966471354165,0.09892431,0.07483362268518519
abdulbari_215.wav,0.3559397,1750.0587787624588,2008.9952139254738,3385.2986653645835,0.10626479,0.08876320167824074
abdulbari_216.wav,0.4128176,1698.5616460900408,2124.882431328661,3407.928466796875,0.08948106,0.07887098524305555
abdulbari_217.wav,0.42945147,1780.118104173486,2238.3578317963493,3699.224853515625,0.093023874,0.07420066550925926
abdulbari_218.wav,0.3876826,1706.2258332222202,2064.1661012649647,3305.7454427083335,0.099639244,0.09026421440972222
abdulbari_219.wav,0.4177815,1816.7282342690519,2242.7714434647423,3625.8524576822915,0.081700414,0.08893952546296297
abdulbari_220.wav,0.3096487,1507.6366967205552,1850.413442646964,3146.539306640625,0.095211156,0.08252857349537036
abdulbari_221.wav,0.42771313,1548.0110205958097,1984.0353368597835,3237.457275390625,0.09451608,0.0692138671875
abdulbari_222.wav,0.40932578,1560.6721444528855,1996.7761458959658,3096.3948567708335,0.08915228,0.07069679542824074
abdulbari_223.wav,0.38754064,2037.8080648409693,2431.3206887854844,3956.427001953125,0.090097904,0.09538212528935185
abdulbari_224.wav,0.33144957,1893.7999795794467,2114.219962333638,3552.081298828125,0.09031254,0.1131320529513889
abdulbari_225.wav,0.355807,1729.242831682652,1961.9779657807105,3346.8180338541665,0.07969028,0.09527813946759259
abdulbari_226.wav,0.3471332,1860.9676843698396,2195.1264284361355,3483.7931315104165,0.08675037,0.08911584924768519
abdulbari_227.wav,0.4004494,1680.400955530054,1976.9834688726353,3479.2073567708335,0.09485119,0.07859519675925926
abdulbari_228.wav,0.35863367,1888.1337382824497,2104.6416539794764,3803.0029296875,0.08439218,0.10360152633101852
abdulbari_229.wav,0.40879425,1742.162875171209,2146.6464404589224,3324.3876139322915,0.0763535,0.07688621238425926
abdulbari_230.wav,0.30507034,2242.4593360628733,2257.711779866726,4243.83544921875,0.102819964,0.13553421585648148
abdulbari_231.wav,0.38291836,1891.4654835354067,2057.7559273452503,3550.286865234375,0.09230809,0.11348922164351852
abdulbari_232.wav,0.39690903,1858.5192162586652,2195.899027099951,3631.8339029947915,0.096841864,0.0901828342013889
abdulbari_233.wav,0.38910064,1793.7627701817462,2103.6828757500643,3570.9228515625,0.08836878,0.08583351417824074
abdulbari_234.wav,0.34104043,2170.3005544301523,2137.8845567289677,3963.3056640625,0.091474906,0.13364438657407407
abdulbari_235.wav,0.35904256,2017.9035404914111,2153.3022543015827,3803.302001953125,0.07845178,0.11021140769675926
abdulbari_236.wav,0.37834668,2306.1881652033894,2651.945684175564,4985.833740234375,0.09076609,0.1163601345486111
abdulbari_237.wav,0.34267017,2742.7047133065266,2976.5668750437526,6232.566324869792,0.09693812,0.1361400462962963
abdulbari_238.wav,0.35061854,2353.2753408679996,2986.4888892675963,5712.978108723958,0.095302194,0.1057445384837963
abdulbari_239.wav,0.41156703,2138.2393456805303,2852.5607265973194,4667.919921875,0.08724686,0.0854763454861111
abdulbari_240.wav,0.43329188,2668.7558778662155,3023.851256247322,6082.132975260417,0.061029572,0.12141927083333333
abdulbari_241.wav,0.24526045,2128.832720376206,2471.6850759362833,4144.842529296875,0.0051553166,0.08741590711805555
abdulbari_242.wav,0.2881846,2350.650928642739,2260.596129768001,4448.201497395833,0.00942322,0.13088198061342593
abdulbari_243.wav,0.32435682,2087.119839507259,2230.9488850281828,3865.80810546875,0.009368061,0.10532859519675926
abdulbari_244.wav,0.25061256,2346.506168027261,2422.5649711521596,4624.753824869792,0.012252676,0.11371527777777778
abdulbari_245.wav,0.27865934,2260.0187223427724,2315.0381374270332,4015.045166015625,0.011166002,0.11852123119212964
abdulbari_246.wav,0.2701468,2383.05053847653,2362.8866850519285,4570.522054036458,0.014672714,0.12366174768518519
abdulbari_247.wav,0.24008977,2099.0947801454936,2206.406355339432,3860.3251139322915,0.013295883,0.10054976851851852
abdulbari_248.wav,0.25584427,2152.46836893035,2260.929855124883,3836.9974772135415,0.0119198775,0.11191587094907407
abdulbari_249.wav,0.30956435,1935.3955828134376,2208.4960535918503,3520.1802571614585,0.0115667125,0.09718153211805555
abdulbari_250.wav,0.23283143,2301.93063306857,2517.129042498951,4409.720865885417,0.014069331,0.1090404369212963
abdulbari_251.wav,0.2934928,2359.39725371492,2233.55428089443,4077.850341796875,0.012054699,0.13773148148148148
abdulbari_252.wav,0.21469437,2123.307300687881,2346.4819932514138,4144.244384765625,0.018431196,0.08772786458333333
abdulbari_253.wav,0.24412541,2229.0154348061865,2408.3249946816486,4069.0775553385415,0.014154915,0.10729528356481481
abdulbari_254.wav,0.25598574,1958.1555123320086,2265.492031923229,3581.8888346354165,0.013607004,0.09163411458333333
abdulbari_255.wav,0.23389678,2385.2211732609117,2301.442443713648,3996.3033040364585,0.01214296,0.12801558883101852
abdulbari_256.wav,0.28396064,2323.9397573857254,2323.413499057589,4337.345377604167,0.012132186,0.1236888744212963
abdulbari_257.wav,0.20950313,2213.2289581860937,2588.447086586815,4207.049560546875,0.014456089,0.08466254340277778
abdulbari_258.wav,0.19443442,2026.998278711096,2454.597674319279,3730.4280598958335,0.015778737,0.07081434461805555
abdulbari_259.wav,0.25228006,2486.1321851934795,2496.952795929695,4501.336669921875,0.012785868,0.13001392505787038
abdulbari_260.wav,0.2676796,2539.517132327702,2578.807630847447,4915.352376302083,0.0129880905,0.1275047019675926
abdulbari_261.wav,0.2757565,2311.6779365078555,2546.9586157745152,4426.86767578125,0.01324793,0.10762984664351852
abdulbari_262.wav,0.23956397,2220.018829589854,2309.561387162625,4060.9029134114585,0.01527724,0.12189398871527778
abdulbari_263.wav,0.32867447,2598.9829872812147,2277.2979521843495,4330.466715494792,0.015170462,0.16587547019675927
abdulbari_264.wav,0.2750527,2479.290510649828,2565.201426414578,4641.6015625,0.0128799025,0.12977430555555555
abdulbari_265.wav,0.26942262,2644.030844922477,2645.2674764133317,4910.268147786458,0.013035114,0.1310402199074074
abdulbari_266.wav,0.21064264,2291.0356317557657,2534.433488160828,4354.791259765625,0.021051856,0.09972240306712964
abdulbari_267.wav,0.2771077,2461.87637881763,2485.915061934613,4580.192057291667,0.014967515,0.13139738859953703
abdulbari_268.wav,0.27219057,2498.3421002309556,2609.2023425119733,4591.058349609375,0.012195341,0.12122034143518519
abdulbari_269.wav,0.2896737,2573.1101566725065,2640.38308118045,4842.179361979167,0.0108565055,0.14252839265046297
abdulbari_270.wav,0.22624362,2505.811794625328,2648.283907021782,4972.176106770833,0.017051276,0.10637749565972222
abdulbari_271.wav,0.2566417,2268.69906015997,2399.0577129635417,4092.4051920572915,0.015081412,0.11498571325231481
abdulbari_272.wav,0.3125734,2667.0543424988737,2571.724156753816,4809.979248046875,0.0111023,0.15703215422453703
abdulbari_273.wav,0.22557129,2751.7753250821543,2562.6394602675496,5057.710774739583,0.01667186,0.141357421875
abdulbari_274.wav,0.23725754,2147.425921221368,2303.1883697778517,3764.6219889322915,0.014319433,0.1040355541087963
abdulbari_275.wav,0.30441368,2468.5147235001455,2549.6917592659297,4673.103841145833,0.010601109,0.1323920355902778
abdulbari_276.wav,0.2515531,2621.5519058942823,2554.3093835572113,4958.319091796875,0.014530529,0.13596372251157407
abdulbari_277.wav,0.24592133,2311.3330931209325,2521.6291564635003,4321.494547526042,0.015024394,0.11014811197916667
abdulbari_278.wav,0.2695673,2660.956235030553,2546.2569833271587,4642.997233072917,0.014274316,0.14919252748842593
abdulbari_279.wav,0.26529714,2506.754202369883,2374.5988628006444,4515.791829427083,0.013916506,0.1493462456597222
abdulbari_280.wav,0.27339536,2534.0250351000022,2472.216279355053,4327.176920572917,0.011716143,0.14127152054398148
abdulbari_281.wav,0.2318986,2642.60563384733,2701.9161655932458,5365.256754557292,0.015164425,0.1203884548611111
abdulbari_282.wav,0.2489053,2572.816789321943,2713.364384405528,5205.851236979167,0.01470487,0.1274142795138889
abdulbari_283.wav,0.2724239,2209.7652138226426,2213.506002472827,4089.4144694010415,0.012576995,0.12987377025462962
abdulbari_284.wav,0.24908568,2279.8144197827824,2357.4241251279655,4233.467610677083,0.012642873,0.11895073784722222
abdulbari_285.wav,0.2589721,2751.929046610618,2670.108573765019,5263.372802734375,0.012895647,0.1351318359375
abdulbari_286.wav,0.25816184,2068.127570211659,2341.7245266456566,3881.5592447916665,0.012506968,0.0946994357638889
abdulbari_287.wav,0.28062522,2608.467630319317,2558.219999279085,5084.627278645833,0.011748111,0.13954897280092593
abdulbari_288.wav,0.21263024,2202.5378669512306,2575.7863730578274,4403.639729817708,0.012403055,0.0902099609375
abdulbari_289.wav,0.2234207,2031.2324243737562,2445.671343625768,3984.4401041666665,0.0142962225,0.08488407841435185
abdulbari_290.wav,0.23092851,2181.5498924558874,2638.7504385240704,4393.770345052083,0.012927965,0.08613190827546297
abdulbari_291.wav,0.19830298,1924.7039850550625,2334.191761211992,3551.2837727864585,0.012147747,0.0752269603587963
abdulbari_292.wav,0.25489286,2296.297069241488,2491.6995963015925,4374.729410807292,0.009929852,0.11070421006944445
abdulbari_293.wav,0.2661606,2052.2978270537683,2268.608490720251,4015.5436197916665,0.012150519,0.1016529224537037
abdulbari_294.wav,0.2828201,1989.3305514137046,2299.886674521887,3739.6993001302085,0.012541459,0.09851978443287036
abdulbari_295.wav,0.2853306,2082.8741871054526,2244.6272350695153,3903.9896647135415,0.011752143,0.10862901475694445
abdulbari_296.wav,0.24138565,2502.8538704006296,2682.380796006266,4991.51611328125,0.0134608615,0.11282913773148148
abdulbari_297.wav,0.25508246,2813.7748192854224,2797.9951262787877,5652.565511067708,0.013077118,0.12647388599537038
abdulbari_298.wav,0.25618997,2187.0746501251297,2244.7123369816563,4168.967692057292,0.01345046,0.11452455873842593
abdulbari_299.wav,0.2939862,2219.7689428768467,2339.9563448001404,4184.120686848958,0.012868786,0.11738190827546297
abdulbari_300.wav,0.2712267,2159.838393945314,2346.648933138193,4072.467041015625,0.014477201,0.1108127170138889
abdulbari_301.wav,0.24356927,2225.1603071845975,2497.485557294133,4404.13818359375,0.011677798,0.09983543113425926
abdulbari_302.wav,0.24329408,2172.3546512557537,2554.477830006679,4260.982259114583,0.012055067,0.0873119212962963
abdulbari_303.wav,0.22943652,2421.727056213419,2588.363581871093,4985.933430989583,0.013760418,0.10417118778935185
abdulbari_304.wav,0.27316207,2264.3394040839275,2279.3379259819126,4649.477132161458,0.013584905,0.11851218894675926
abdulbari_305.wav,0.30803686,2087.302746352188,2147.1210703390275,3928.5135904947915,0.011610598,0.11970124421296297
abdulbari_306.wav,0.25920162,2607.8956783909643,2461.4909156630747,4872.4853515625,0.013424703,0.1393410011574074
abdulbari_307.wav,0.28120577,2197.846729848393,2413.262353997793,4223.199462890625,0.010458294,0.11835394965277778
abdulbari_308.wav,0.27098757,1839.8930565287096,2003.0234279984388,3502.734375,0.012485254,0.10381401909722222
abdulbari_309.wav,0.27098235,2272.979889516404,2483.7782436150856,4442.917887369792,0.011036496,0.11705186631944445
abdulbari_310.wav,0.24944273,1982.9551249285012,2329.698527268183,3781.6691080729165,0.016015232,0.08704065393518519
abdulbari_311.wav,0.2893561,2140.5992594453046,2212.1641681866413,4086.9222005208335,0.01192833,0.1297336154513889
abdulbari_312.wav,0.2280303,1922.9331857117052,2252.5659910898084,3887.5406901041665,0.013359783,0.08378092447916667
abdulbari_313.wav,0.2152924,1593.3615701448634,1864.6061049967693,3376.52587890625,0.045523856,0.07608597366898148
abdulbari_314.wav,0.20926419,1325.118045849957,1664.0695292072528,2922.0357259114585,0.07200063,0.05443431712962963
abdulbari_315.wav,0.23001657,1247.6483943895366,1558.574079595733,2416.6035970052085,0.082274675,0.05637839988425926
abdulbari_316.wav,0.19587927,1535.294164123261,1798.5840656657822,3259.8876953125,0.06956738,0.057440863715277776
abdulbari_317.wav,0.23245287,1685.750130324092,1854.0103679998615,3308.33740234375,0.08353259,0.08189109519675926
abdulbari_318.wav,0.20552705,1683.284573000009,1690.5745807643466,3626.9490559895835,0.074816294,0.09914369936342593
abdulbari_319.wav,0.21421777,1767.145495702502,1863.890341412355,3513.9994303385415,0.0720007,0.08561650028935185
abdulbari_320.wav,0.20502025,1860.841717287595,1861.1900758276688,3672.4080403645835,0.080073826,0.1039767795138889
abdulbari_321.wav,0.19304107,1590.3927514268871,1909.0520912636823,3405.0374348958335,0.08505765,0.06389702690972222
abdulbari_322.wav,0.2359005,1799.9243970160605,2007.35398931053,3780.1737467447915,0.06477197,0.09001555266203703
abdulbari_323.wav,0.20126578,1510.3558241555602,1728.94969377239,3309.9324544270835,0.083231494,0.06513129340277778
abdulbari_324.wav,0.18689825,1291.7469535420687,1609.1048480654845,2688.0615234375,0.097958505,0.051581488715277776
abdulbari_325.wav,0.1854091,1389.296221499892,1896.1826015509162,2488.1815592447915,0.06775391,0.047535083912037035
abdulbari_326.wav,0.18098336,1554.502263768949,2107.08663714808,3313.421630859375,0.0707606,0.049519856770833336
abdulbari_327.wav,0.20271517,1944.179800600559,2309.115155498782,3984.1410319010415,0.070989065,0.07573784722222222
abdulbari_328.wav,0.20973097,2013.2636089417883,2452.2877673759144,4337.245686848958,0.079615705,0.07652000144675926
abdulbari_329.wav,0.21677817,2228.9844979206996,2605.0096115914794,4695.534261067708,0.06616081,0.09594274450231481
abdulbari_330.wav,0.1962585,1826.6166100377973,2302.885671171975,3842.48046875,0.0825957,0.06904206452546297
abdulbari_331.wav,0.19941574,1677.867394241247,2105.298493058628,3294.4803873697915,0.08574473,0.06966145833333333
abdulbari_332.wav,0.20467798,1702.4707003683486,2154.0454620080745,3321.795654296875,0.08302952,0.06974283854166667
abdulbari_333.wav,0.21626177,1949.3809944573848,2303.4737838560122,3937.6851399739585,0.06814194,0.07103587962962964
abdulbari_334.wav,0.18207785,1971.7476994854708,2337.275587612262,4086.6231282552085,0.083983086,0.0789478443287037
abdulbari_335.wav,0.20435971,1721.805178040838,2276.5725739290347,3654.7627766927085,0.0808497,0.06834129050925926
abdulbari_336.wav,0.22766054,1881.2910356469033,2233.1783512285624,3901.4973958333335,0.071570285,0.07782208478009259
abdulbari_337.wav,0.21527797,1906.9326847778852,2183.259589626379,3937.58544921875,0.0691414,0.08751989293981481
abdulbari_338.wav,0.1944244,2257.8826052899503,2444.2481486957113,4410.219319661458,0.076064855,0.08717628761574074
abdulbari_339.wav,0.18205033,2153.4759701378703,2446.488263647445,4360.673014322917,0.089907184,0.08278627748842593
abdulbari_340.wav,0.19902642,1784.247489160536,2249.4434282987327,3758.0423990885415,0.083530955,0.06542064525462964
abdulbari_341.wav,0.1907078,1843.1037653599196,2222.417122290461,3993.511962890625,0.08296386,0.06330023871527778
abdulbari_342.wav,0.18357596,1976.2660633371192,2415.4679694661177,3925.7222493489585,0.06171536,0.07523600260416667
abdulbari_343.wav,0.18703118,1960.5725889062703,2319.4554280171183,4170.163981119792,0.08857881,0.07465277777777778
abdulbari_344.wav,0.2101084,1709.3804762739314,2047.2032658614767,3529.65087890625,0.079878174,0.07528121383101852
abdulbari_345.wav,0.21424492,1712.422723272416,2142.869880440939,3515.6941731770835,0.08092498,0.06773093894675926
abdulbari_346.wav,0.22172871,2155.002703624616,2359.1683155275477,4194.588216145833,0.06310562,0.09489384403935185
abdulbari_347.wav,0.2209499,1732.39668674292,2208.6584904672814,3500.7405598958335,0.075656846,0.07090024594907407
abdulbari_348.wav,0.2123662,1699.2041300302665,2188.7500452384206,3442.8202311197915,0.08010217,0.06462492766203703
abdulbari_349.wav,0.22762534,2460.8003392026203,2607.0341338107587,4454.482014973958,0.06375515,0.11247196903935185
abdulbari_350.wav,0.18066038,1809.6358717783996,2212.362857471331,3717.0694986979165,0.083848625,0.06588179976851852
abdulbari_351.wav,0.22198917,1687.0399825826814,2085.443853688717,3524.1678873697915,0.07878471,0.07249168113425926
abdulbari_352.wav,0.2067085,1900.827457242415,2189.156403368091,4033.4879557291665,0.06195032,0.08269133391203703
abdulbari_353.wav,0.16276896,1920.2248270659495,2222.7055794930397,3990.0227864583335,0.077227086,0.07198531539351852
abdulbari_354.wav,0.2107057,1642.8049963534418,2124.7457104918126,3364.7623697916665,0.0700827,0.0634449146412037
abdulbari_355.wav,0.21204945,2017.9093647980683,2304.09099383442,4195.485432942708,0.08332414,0.0787353515625
abdulbari_356.wav,0.21894357,1734.4597699104886,2010.388981854692,3583.5835774739585,0.0723771,0.07698567708333333
abdulbari_357.wav,0.22203307,1915.6388655277265,2038.6848757646833,3876.7740885416665,0.06365269,0.0836498119212963
abdulbari_358.wav,0.17553876,1793.3636858982766,2121.5109786865937,3482.7962239583335,0.07079676,0.07071487991898148
abdulbari_359.wav,0.21884038,1843.8882741772595,2205.1838970945323,3832.2123209635415,0.07463979,0.06669560185185185
abdulbari_360.wav,0.20075968,1918.9791073406252,2241.90336001415,3969.0877278645835,0.08100918,0.07454879195601852
abdulbari_361.wav,0.22348922,1737.7630411718171,2009.6741993832459,3602.4251302083335,0.076391,0.07683195891203703
abdulbari_362.wav,0.21832609,1777.9046027473703,2102.4292645038995,3798.0183919270835,0.077967025,0.07411024305555555
abdulbari_363.wav,0.24063261,1617.1716736911776,1990.742137640191,3093.00537109375,0.06503993,0.07836009837962964
abdulbari_364.wav,0.17050208,1760.3425919093313,2196.8320115107904,3628.4444173177085,0.08209158,0.06080005787037037
abdulbari_365.wav,0.22126262,1951.4606146267924,2200.518123733743,3980.8512369791665,0.077134006,0.08495189525462964
abdulbari_366.wav,0.22927544,1940.3890373230627,2060.4683979090614,3511.0087076822915,0.06831824,0.0936279296875
abdulbari_367.wav,0.23721541,1876.069334757314,2227.6838237558686,3727.337646484375,0.07245715,0.0788890697337963
abdulbari_368.wav,0.19855066,1932.960429441725,2374.1828766526946,3932.7006022135415,0.07544306,0.07879864728009259
abdulbari_369.wav,0.19502303,1683.7681304491207,2136.962891706101,3191.400146484375,0.07928676,0.06511320891203703
abdulbari_370.wav,0.20100586,2036.5334156435947,2398.6823695437474,4090.6107584635415,0.07197226,0.07773618344907407
abdulbari_371.wav,0.18116249,1795.0392050418054,2314.0708013883377,3748.1730143229165,0.0781635,0.06871202256944445
abdulbari_372.wav,0.1809682,1547.9046896964446,1949.2230859955948,3051.0355631510415,0.08308444,0.05458351417824074
abdulbari_373.wav,0.2078503,1121.129192503811,1765.0749697689137,1543.9107259114583,0.08159132,0.043389214409722224
abdulbari_374.wav,0.21874712,1626.1527241802885,2056.001665486816,3265.4703776041665,0.07206165,0.06346752025462964
abdulbari_375.wav,0.20442553,1547.2659606685522,2012.337340408709,3035.4838053385415,0.085156545,0.06316008391203703
abdulbari_376.wav,0.22435611,2091.7454180271598,2171.42248727689,4173.154703776042,0.07231483,0.09959129050925926
abdulbari_377.wav,0.22046167,1961.665425030973,2294.95996877033,3893.2230631510415,0.074932165,0.08453595196759259
abdulbari_378.wav,0.22726707,1768.3838894084893,1967.3860216214364,3396.3643391927085,0.069892064,0.08864113136574074
abdulbari_379.wav,0.2051946,1783.2745827528927,2133.365262584719,3735.711669921875,0.07766271,0.06373878761574074
abdulbari_380.wav,0.19188339,1830.3803327534338,2151.2071392565194,3522.2737630208335,0.07127331,0.06499565972222222
abdulbari_381.wav,0.19857013,1802.059247086126,2083.3933913104524,3543.707275390625,0.080299325,0.06354890046296297
abdulbari_382.wav,0.20564035,1769.927333706096,2167.889828542117,3573.2157389322915,0.08457306,0.06649215133101852
abdulbari_383.wav,0.20690393,1963.5588561918285,2305.8869856980054,3897.6094563802085,0.064071715,0.08536331741898148
abdulbari_384.wav,0.18981196,2172.2837529130384,2402.716902942424,4346.516927083333,0.07614455,0.08841507523148148
abdulbari_385.wav,0.19036952,1863.830840021354,2151.5626380839885,3744.1853841145835,0.22914945,0.06517198350694445
abdulbari_386.wav,0.19241256,2069.31514674236,2457.4396628816135,4042.1610514322915,0.23297684,0.08070203993055555
abdulbari_387.wav,0.23438875,1797.5115445446938,2274.963053420182,3510.9090169270835,0.2013375,0.06992368344907407
abdulbari_388.wav,0.18469985,2023.5603318530282,2566.7193999451883,3966.1966959635415,0.22262737,0.06956199363425926
abdulbari_389.wav,0.18652976,1709.8171448308506,2239.115644489173,3320.1009114583335,0.25217077,0.05125144675925926
abdulbari_390.wav,0.20039935,2044.2602791802997,2505.5430056643354,3941.5730794270835,0.22982416,0.08790870949074074
abdulbari_391.wav,0.24716865,2041.74543669775,2393.2173981314636,4039.6687825520835,0.17621902,0.0940212673611111
abdulbari_392.wav,0.20104413,1807.5232718100963,2297.9232359231282,3645.989990234375,0.21172936,0.06139684606481482
abdulbari_393.wav,0.18629907,1913.7198928002556,2224.466075633558,3715.07568359375,0.20659272,0.07456687644675926
abdulbari_394.wav,0.16800378,1794.7774638130911,2211.7750891150718,3583.0851236979165,0.30796936,0.05929904513888889
abdulbari_395.wav,0.217927,1644.3204121208762,2223.7835151903073,3167.9728190104165,0.2403302,0.05568214699074074
abdulbari_396.wav,0.20877188,1714.238316361653,2244.050065566949,3145.2433268229165,0.23212808,0.06665491174768519
abdulbari_397.wav,0.18772101,2019.2711662063482,2273.0885765824914,3725.6429036458335,0.22497594,0.08007360387731481
abdulbari_398.wav,0.2105776,1553.550389820006,2061.412139943035,3080.3446451822915,0.2436561,0.05270724826388889
abdulbari_399.wav,0.19848146,1845.3437221921322,2252.416492929715,3619.7713216145835,0.2000558,0.06422706886574074
abdulbari_400.wav,0.18275504,1730.8728947958657,2184.6784717683445,3024.6175130208335,0.26403627,0.06530309606481481
abdulbari_401.wav,0.17327519,1527.6418680107588,2054.197107452434,2758.8419596354165,0.24543785,0.051237883391203706
abdulbari_402.wav,0.2327437,2230.7524123717803,2299.9233185446938,4555.269368489583,0.21261276,0.10858380353009259
abdulbari_403.wav,0.2271606,1514.8323148295112,1975.6185939268314,2677.4943033854165,0.24953893,0.06324146412037036
abdulbari_404.wav,0.26433352,2435.796636045599,2539.2529904547755,4873.681640625,0.16657941,0.1299099392361111
abdulbari_405.wav,0.16174561,1922.103068690248,2346.0227705699403,3671.8098958333335,0.22928935,0.0625
abdulbari_406.wav,0.20276488,1768.157980792325,2203.327129536465,3433.349609375,0.23992151,0.06840910734953703
abdulbari_407.wav,0.20363502,1645.1601493667415,2219.3028856976766,3121.8159993489585,0.24032666,0.06161838107638889
abdulbari_408.wav,0.21109387,1861.2790646510966,2208.3161871726966,3819.8506673177085,0.20095131,0.07212999131944445
abdulbari_409.wav,0.18785973,1929.6332209257366,2303.175882662216,3741.094970703125,0.29018235,0.0757740162037037
abdulbari_410.wav,0.2212229,1726.072354177022,2242.5576911625217,3236.3606770833335,0.21933165,0.05967881944444445
abdulbari_411.wav,0.20205477,2014.643289853296,2359.311013635706,3831.6141764322915,0.21440773,0.08336498119212964
abdulbari_412.wav,0.19422914,1646.1032889325327,2259.418632483677,2870.0968424479165,0.27521828,0.05246310763888889
abdulbari_413.wav,0.1925324,1761.5669690985571,2242.804488303094,3438.0350748697915,0.2697724,0.06223325376157408
abdulbari_414.wav,0.20418593,1966.0148285630473,2423.913087353098,4081.439208984375,0.17683488,0.07170500578703703
abdulbari_415.wav,0.18946852,1469.6587568200482,2006.3968807538577,2650.8768717447915,0.2811788,0.05041956018518518
abdulbari_416.wav,0.18822055,2125.0822310953217,2625.3652559721722,4195.485432942708,0.24176843,0.0757107204861111
abdulbari_417.wav,0.24074766,2051.113466554654,2399.2834229574296,4025.5126953125,0.18529484,0.09363697193287036
abdulbari_418.wav,0.18924351,1680.1589346519318,2230.7705994339476,3229.4820149739585,0.24476698,0.05776638454861111
abdulbari_419.wav,0.18786834,2143.9499236338243,2656.9923780946565,4335.94970703125,0.20226091,0.0748562282986111
abdulbari_420.wav,0.18136248,2231.757573158308,2444.6836313418275,4223.000081380208,0.21790089,0.10675726996527778
abdulbari_421.wav,0.15083894,2273.3356468814623,2753.184815950473,4253.106689453125,0.24453546,0.07007288049768519
abdulbari_422.wav,0.21340956,2328.6070575009007,2621.240300698584,4598.435465494792,0.21918745,0.10182924623842593
abdulbari_423.wav,0.22813374,1791.7966451785817,2312.3672436384463,3405.23681640625,0.18784422,0.07072844328703703
abdulbari_424.wav,0.16667217,1677.7254735827212,2287.003077823019,3390.582275390625,0.22372417,0.048525209780092594
abdulbari_425.wav,0.19581838,2473.072505163477,2607.8921408043357,4527.555338541667,0.23663875,0.11579499421296297
abdulbari_426.wav,0.21603003,2165.004606523779,2527.4699297878,4324.884033203125,0.21858229,0.08726671006944445
abdulbari_427.wav,0.22074127,1885.6277492652382,2300.584396279048,3842.0817057291665,0.19051571,0.07574236834490741
abdulbari_428.wav,0.22780511,1992.1810939555467,2389.04101746855,4162.388102213542,0.19240627,0.0834644458912037
abdulbari_429.wav,0.19808896,1826.41698909121,2392.9337771312385,3834.6048990885415,0.26485604,0.06498661747685185
abdulbari_430.wav,0.21209547,1966.6161768403256,2461.2066954997204,4052.2298177083335,0.2005421,0.06370713975694445
abdulbari_431.wav,0.19342074,1984.1673298775936,2440.3680843569496,3868.6991373697915,0.24718511,0.08039460358796297
abdulbari_432.wav,0.204221,1945.743385344675,2392.0739123248877,3786.3545735677085,0.26582095,0.081787109375
abdulbari_433.wav,0.25301325,1844.3028072235786,2377.9363971745834,3543.408203125,0.19260456,0.07788990162037036
abdulbari_434.wav,0.21842681,1750.4950026498843,2216.12832761921,3242.1427408854165,0.22862412,0.060474537037037035
abdulbari_435.wav,0.19855703,1470.516466760813,2004.1758670274241,2587.0747884114585,0.27857077,0.054841218171296294
abdulbari_436.wav,0.20359717,2060.9159528725645,2342.6879062169555,3925.7222493489585,0.18653925,0.0826144748263889
abdulbari_437.wav,0.18564236,1603.4335425545212,2205.76514876729,3130.2897135416665,0.26722863,0.049388744212962965
abdulbari_438.wav,0.1859562,1361.0265562105963,1859.6614506599444,2317.7103678385415,0.28401208,0.05662254050925926
abdulbari_439.wav,0.21237008,1698.2886064463075,2137.239889300298,3255.70068359375,0.24462254,0.06065086082175926
abdulbari_440.wav,0.21576342,1868.2462724622062,2260.966439792795,3584.7798665364585,0.19505431,0.07550274884259259
abdulbari_441.wav,0.18081519,1799.562206551829,2266.550805481651,3373.236083984375,0.25319815,0.060872395833333336
abdulbari_442.wav,0.22803794,2593.453455541097,2747.966474040772,5237.552897135417,0.19091469,0.1141040943287037
abdulbari_443.wav,0.20627221,2144.595633905281,2392.487817752217,4129.390462239583,0.23972502,0.08759223090277778
abdulbari_444.wav,0.19207731,2325.0049586353352,2728.2513114118037,5191.495768229167,0.19562347,0.0769947193287037
abdulbari_445.wav,0.1890758,2252.224904459235,2568.7818333609753,4287.898763020833,0.23978102,0.08361364293981481
abdulbari_446.wav,0.23998821,2225.577501810033,2510.9118637262027,4285.207112630208,0.18358004,0.09386754918981481
abdulbari_447.wav,0.1903013,2144.1214715241235,2303.3899815077475,4027.9052734375,0.23786546,0.08941876446759259
abdulbari_448.wav,0.19450834,2284.402955675083,2449.041403273638,4438.132731119792,0.19857351,0.09383590133101852
abdulbari_449.wav,0.17757966,2146.522527018782,2474.586235920942,4340.535481770833,0.22451162,0.08598271122685185
abdulbari_450.wav,0.19220163,1942.6055332557053,2344.068868384982,3952.0406087239585,0.26470745,0.06940827546296297
abdulbari_451.wav,0.23593935,2158.1137297664677,2405.4977157895264,4135.072835286458,0.23041649,0.0981716579861111
abdulbari_452.wav,0.25433773,1954.5065311476046,2386.276717876364,3707.598876953125,0.16864596,0.08522316261574074
abdulbari_453.wav,0.21499568,1859.9455450731684,2408.622312912689,3534.6354166666665,0.2183662,0.0683322482638889
abdulbari_454.wav,0.21201353,1622.415762925053,2173.1148830767324,3009.564208984375,0.2680866,0.06229202835648148
abdulbari_455.wav,0.24852104,1985.9599842146754,2432.7057205518763,3900.50048828125,0.16585544,0.07977973090277778
abdulbari_456.wav,0.21656929,1696.15132505674,2173.8529451807685,3187.6118977864585,0.22950871,0.06754105179398148
